sep=;
UTC ms since epoch;Bat charge In;Bat charge Out;Bat Voltage;5V supply;3V3 supply;PCU total curr;Solar +X;Solar -X;Solar +Y;Solar -Y;Solar +Z;Solar -Z;Solar total;VCC out0;VCC out1;VCC out2;VCC out3;VCC out4;VCC out5;VCC out6;VCC out7;SS total curr;EEPROM1 curr;EEPROM2 curr;Ext ADC1;Ext ADC2;Ext ADC3;Ext ADC4;RTC curr;Charger DCDC;System V;OBC curr;Time;Restarts;Switches(CAGR);Mode;RTC;Temp.(bat);Sch. count;Section;Variable Telemetry;
1600345222908;0.634766;0.417998;7.888;5.097;3.322;0.064606;0.006714;0.003052;0;0;0.00061;0.007019;1.066;0.018921;0.00061;0.000305;0.00061;0.001221;0.001221;0.001221;0.186157;0.007324;0.002136;6.1e-05;0.000732;0.000366;6.1e-05;3.1e-05;0.000244;0.361633;0.762634;0.329895;1600345222;178;00000001 | 00010010 | 00000011 | 00000000 | ;3;0;0;0;2;0; 54 68 69 73 20 69 73 20 62 65 61 63 6f 6e 00 00 00 00 00 00 00 00 00 00 00 00 00 00 00 00 00 00 00 00 00 00 00 00 00 00 00 00 00 00 00 00 00 00 00 00 00 00 00 00 00 00 00 00 00 00 00 00 00 00 00 00 00 00 00 00 00 00 00 00 00 00 00 00 00 00 00 00 00 00 00 00 00 00 00 00 00 00 00 00 00 00 00 00 00 00 00 00 00 00 00 00 00 00 00 00 00 00 00 00 00 00 00 00 00 00;
1600345232253;0.634155;0.422622;7.892;5.149;3.322;0.056213;0.007324;0.003967;0;0.000305;0.00061;0.007935;1.053;0.018921;0.00061;0.000305;0.00061;0.001221;0.001221;0.001221;0.186157;0.007324;0.002136;6.1e-05;0.000732;0.000366;6.1e-05;3.1e-05;0.000275;0.361938;0.762939;0.328064;1600345231;178;00000001 | 00010010 | 00000011 | 00000000 | ;3;0;0;0;2;0; 54 68 69 73 20 69 73 20 62 65 61 63 6f 6e 00 00 00 00 00 00 00 00 00 00 00 00 00 00 00 00 00 00 00 00 00 00 00 00 00 00 00 00 00 00 00 00 00 00 00 00 00 00 00 00 00 00 00 00 00 00 00 00 00 00 00 00 00 00 00 00 00 00 00 00 00 00 00 00 00 00 00 00 00 00 00 00 00 00 00 00 00 00 00 00 00 00 00 00 00 00 00 00 00 00 00 00 00 00 00 00 00 00 00 00 00 00 00 00 00 00;
1600345236081;0.632324;0.420773;7.892;5.169;3.320;0.05304;0.005493;0.003967;0.000916;0;0.00061;0.006409;1.100;0.018616;0.00061;0.000305;0.000916;0.001221;0.001221;0.001221;0.184937;0.007324;0.001984;6.1e-05;0.000763;0.000397;3.1e-05;0;0.000275;0.360107;0.763245;0.325317;1600345235;178;00000001 | 00010010 | 00000011 | 00000000 | ;3;0;0;0;2;0; 54 68 69 73 20 69 73 20 62 65 61 63 6f 6e 00 00 00 00 00 00 00 00 00 00 00 00 00 00 00 00 00 00 00 00 00 00 00 00 00 00 00 00 00 00 00 00 00 00 00 00 00 00 00 00 00 00 00 00 00 00 00 00 00 00 00 00 00 00 00 00 00 00 00 00 00 00 00 00 00 00 00 00 00 00 00 00 00 00 00 00 00 00 00 00 00 00 00 00 00 00 00 00 00 00 00 00 00 00 00 00 00 00 00 00 00 00 00 00 00 00;
1600345237143;0.634155;0.423547;7.892;5.203;3.319;0.041595;0.006714;0.002747;0.000305;0;0.000916;0.007324;1.061;0.019226;0.00061;0.00061;0.000916;0.001221;0.001221;0.001221;0.185547;0.007324;0.001984;6.1e-05;0.000732;0.000366;3.1e-05;0;0.000275;0.360718;0.762939;0.325012;1600345236;178;00000001 | 00010010 | 00000011 | 00000000 | ;3;0;0;0;2;0; 54 68 69 73 20 69 73 20 62 65 61 63 6f 6e 00 00 00 00 00 00 00 00 00 00 00 00 00 00 00 00 00 00 00 00 00 00 00 00 00 00 00 00 00 00 00 00 00 00 00 00 00 00 00 00 00 00 00 00 00 00 00 00 00 00 00 00 00 00 00 00 00 00 00 00 00 00 00 00 00 00 00 00 00 00 00 00 00 00 00 00 00 00 00 00 00 00 00 00 00 00 00 00 00 00 00 00 00 00 00 00 00 00 00 00 00 00 00 00 00 00;
1600345239072;0.633545;0.423547;7.892;5.148;3.320;0.045135;0.005188;0.003662;0.000305;0;0.00061;0.006714;1.095;0.019226;0.00061;0.000305;0.000916;0.001221;0.001221;0.001221;0.185547;0.007019;0.002136;6.1e-05;0.000763;0.000366;6.1e-05;3.1e-05;0.000244;0.361938;0.762939;0.328674;1600345238;178;00000001 | 00010010 | 00000011 | 00000000 | ;3;0;0;0;2;0; 54 68 69 73 20 69 73 20 62 65 61 63 6f 6e 00 00 00 00 00 00 00 00 00 00 00 00 00 00 00 00 00 00 00 00 00 00 00 00 00 00 00 00 00 00 00 00 00 00 00 00 00 00 00 00 00 00 00 00 00 00 00 00 00 00 00 00 00 00 00 00 00 00 00 00 00 00 00 00 00 00 00 00 00 00 00 00 00 00 00 00 00 00 00 00 00 00 00 00 00 00 00 00 00 00 00 00 00 00 00 00 00 00 00 00 00 00 00 00 00 00;
1600345248114;0.635376;0.430945;7.888;5.235;3.322;0.057526;0.005493;0.003967;0.000305;0;0.00061;0.006409;1.100;0.018921;0.00061;0.00061;0.000916;0.001221;0.001831;0.001221;0.185547;0.007324;0.002136;6.1e-05;0.000763;0.000397;6.1e-05;0;0.000244;0.361328;0.762634;0.326233;1600345247;178;00000001 | 00010010 | 00000011 | 00000000 | ;3;0;0;0;2;0; 54 68 69 73 20 69 73 20 62 65 61 63 6f 6e 00 00 00 00 00 00 00 00 00 00 00 00 00 00 00 00 00 00 00 00 00 00 00 00 00 00 00 00 00 00 00 00 00 00 00 00 00 00 00 00 00 00 00 00 00 00 00 00 00 00 00 00 00 00 00 00 00 00 00 00 00 00 00 00 00 00 00 00 00 00 00 00 00 00 00 00 00 00 00 00 00 00 00 00 00 00 00 00 00 00 00 00 00 00 00 00 00 00 00 00 00 00 00 00 00 00;
1600345250514;0.634766;0.417998;7.895;5.167;3.320;0.052246;0.005188;0.004272;0.000305;0.000305;0.00061;0.006104;1.098;0.018921;0.00061;0.000305;0.000916;0.001221;0.001221;0.001221;0.185547;0.007324;0.001984;6.1e-05;0.000763;0.000397;6.1e-05;3.1e-05;0.000275;0.361938;0.762939;0.325317;1600345249;178;00000001 | 00010010 | 00000011 | 00000000 | ;3;0;0;0;2;0; 54 68 69 73 20 69 73 20 62 65 61 63 6f 6e 00 00 00 00 00 00 00 00 00 00 00 00 00 00 00 00 00 00 00 00 00 00 00 00 00 00 00 00 00 00 00 00 00 00 00 00 00 00 00 00 00 00 00 00 00 00 00 00 00 00 00 00 00 00 00 00 00 00 00 00 00 00 00 00 00 00 00 00 00 00 00 00 00 00 00 00 00 00 00 00 00 00 00 00 00 00 00 00 00 00 00 00 00 00 00 00 00 00 00 00 00 00 00 00 00 00;
1600345252882;0.673218;0.354189;7.909;5.201;3.319;0.064728;0.006409;0.004883;0;0;0.00061;0.006714;1.105;0.018921;0.00061;0.000305;0.000916;0.001221;0.001221;0.001221;0.216064;0.007324;0.001984;6.1e-05;0.000732;0.000366;3.1e-05;0;0.000275;0.389404;0.730591;0.327759;1600345252;178;00000001 | 00010010 | 00000011 | 00000000 | ;3;0;0;0;2;0; 54 68 69 73 20 69 73 20 62 65 61 63 6f 6e 00 00 00 00 00 00 00 00 00 00 00 00 00 00 00 00 00 00 00 00 00 00 00 00 00 00 00 00 00 00 00 00 00 00 00 00 00 00 00 00 00 00 00 00 00 00 00 00 00 00 00 00 00 00 00 00 00 00 00 00 00 00 00 00 00 00 00 00 00 00 00 00 00 00 00 00 00 00 00 00 00 00 00 00 00 00 00 00 00 00 00 00 00 00 00 00 00 00 00 00 00 00 00 00 00 00;
1600345258475;1.064;0.393029;8.067;5.209;3.319;0.040985;0.006409;0.004272;0.000305;0.000305;0.00061;0.006409;1.056;0.018921;0.00061;0.000305;0.000916;0.001221;0.001221;0.001221;0.133057;0.007324;0.001984;6.1e-05;0.000763;0.000397;3.1e-05;0;0.000275;0.362549;0.739441;0.327759;1600345257;178;00000001 | 00010010 | 00000011 | 00000000 | ;3;0;0;0;2;0; 54 68 69 73 20 69 73 20 62 65 61 63 6f 6e 00 00 00 00 00 00 00 00 00 00 00 00 00 00 00 00 00 00 00 00 00 00 00 00 00 00 00 00 00 00 00 00 00 00 00 00 00 00 00 00 00 00 00 00 00 00 00 00 00 00 00 00 00 00 00 00 00 00 00 00 00 00 00 00 00 00 00 00 00 00 00 00 00 00 00 00 00 00 00 00 00 00 00 00 00 00 00 00 00 00 00 00 00 00 00 00 00 00 00 00 00 00 00 00 00 00;
1600345259450;0.808716;0.676935;7.966;5.130;3.320;0.050293;0.00824;0.003052;0.000305;0;0.000916;0.007019;1.187;0.018921;0.00061;0.000305;0.000916;0.001221;0.001221;0.001221;0.166016;0.007324;0.001984;6.1e-05;0.000763;0.000366;3.1e-05;0;0.000275;0.358582;0.714417;0.322876;1600345258;178;00000001 | 00010010 | 00000011 | 00000000 | ;3;0;0;0;2;0; 54 68 69 73 20 69 73 20 62 65 61 63 6f 6e 00 00 00 00 00 00 00 00 00 00 00 00 00 00 00 00 00 00 00 00 00 00 00 00 00 00 00 00 00 00 00 00 00 00 00 00 00 00 00 00 00 00 00 00 00 00 00 00 00 00 00 00 00 00 00 00 00 00 00 00 00 00 00 00 00 00 00 00 00 00 00 00 00 00 00 00 00 00 00 00 00 00 00 00 00 00 00 00 00 00 00 00 00 00 00 00 00 00 00 00 00 00 00 00 00 00;
1600345262970;1.075;0.470711;8.070;5.185;3.319;0.042023;0.006104;0.003662;0.000305;0.000305;0.00061;0.006409;1.105;0.019226;0.00061;0.00061;0.000916;0.001221;0.001221;0.001221;0.131836;0.007324;0.001984;3.1e-05;0.000732;0.000397;6.1e-05;0;0.000275;0.360718;0.734253;0.327148;1600345262;178;00000001 | 00010010 | 00000011 | 00000000 | ;3;0;0;0;2;0; 54 68 69 73 20 69 73 20 62 65 61 63 6f 6e 00 00 00 00 00 00 00 00 00 00 00 00 00 00 00 00 00 00 00 00 00 00 00 00 00 00 00 00 00 00 00 00 00 00 00 00 00 00 00 00 00 00 00 00 00 00 00 00 00 00 00 00 00 00 00 00 00 00 00 00 00 00 00 00 00 00 00 00 00 00 00 00 00 00 00 00 00 00 00 00 00 00 00 00 00 00 00 00 00 00 00 00 00 00 00 00 00 00 00 00 00 00 00 00 00 00;
1600345267839;0.656128;0.486432;7.915;5.101;3.320;0.04361;0.007324;0.004578;0;0;0.000305;0.006714;1.129;0.013123;0.00061;0.000305;0.000916;0.001221;0.001221;0.00061;0.212402;0.007324;0.001984;6.1e-05;0.000763;0.000397;6.1e-05;0;0.000275;0.39093;0.741577;0.203552;1600345267;178;00000001 | 00010010 | 00000011 | 00000000 | ;3;0;0;0;2;0; 2d 2d 2d 2d 2d 2d 2d 2d 2d 2d 2d 2d 2d 2d 2d 2d 2d 2d 2d 2d 2d 2d 2d 2d 2d 2d 2d 2d 2d 2d 2d 2d 2d 2d 2d 2d 2d 2d 2d 2d 2d 2d 2d 2d 2d 2d 2d 2d 2d 2d 2d 2d 2d 2d 2d 2d 2d 2d 2d 2d 2d 2d 2d 2d 2d 2d 2d 2d 2d 2d 2d 2d 2d 2d 2d 2d 2d 2d 2d 2d 2d 2d 2d 2d 2d 2d 2d 2d 2d 2d 2d 2d 2d 2d 2d 2d 2d 2d 2d 2d 2d 2d 2d 2d 2d 2d 2d 2d 2d 2d 2d 2d 2d 2d 2d 2d 2d 2d 2d 2d;
1600345275106;1.036;0.237667;8.070;5.191;3.320;0.056274;0.006714;0.004272;0.000305;0;0.000305;0.006409;1.043;0.018921;0.00061;0;0.000916;0.001221;0.001221;0.001221;0.150146;0.007019;0.001984;6.1e-05;0.000763;0.000427;3.1e-05;0;0.000244;0.36377;0.744324;0.328064;1600345274;178;00000001 | 00010010 | 00000011 | 00000000 | ;3;0;0;0;2;0; 54 68 69 73 20 69 73 20 62 65 61 63 6f 6e 00 00 00 00 00 00 00 00 00 00 00 00 00 00 00 00 00 00 00 00 00 00 00 00 00 00 00 00 00 00 00 00 00 00 00 00 00 00 00 00 00 00 00 00 00 00 00 00 00 00 00 00 00 00 00 00 00 00 00 00 00 00 00 00 00 00 00 00 00 00 00 00 00 00 00 00 00 00 00 00 00 00 00 00 00 00 00 00 00 00 00 00 00 00 00 00 00 00 00 00 00 00 00 00 00 00;
1600345278999;1.058;0.376383;8.074;5.187;3.320;0.045349;0.006714;0.004272;0.000305;0;0.00061;0.006714;1.040;0.018311;0.00061;0.000305;0.000916;0.001221;0.001221;0.001221;0.133667;0.007019;0.001984;6.1e-05;0.000793;0.000397;3.1e-05;0;0.000275;0.360413;0.737305;0.308533;1600345278;178;00000001 | 00010010 | 00000011 | 00000000 | ;3;0;0;0;2;0; 2d 2d 2d 2d 2d 2d 2d 2d 2d 2d 2d 2d 2d 2d 2d 2d 2d 2d 2d 2d 2d 2d 2d 2d 2d 2d 2d 2d 2d 2d 2d 2d 2d 2d 2d 2d 2d 2d 2d 2d 2d 2d 2d 2d 2d 2d 2d 2d 2d 2d 2d 2d 2d 2d 2d 2d 2d 2d 2d 2d 2d 2d 2d 2d 2d 2d 2d 2d 2d 2d 2d 2d 2d 2d 2d 2d 2d 2d 2d 2d 2d 2d 2d 2d 2d 2d 2d 2d 2d 2d 2d 2d 2d 2d 2d 2d 2d 2d 2d 2d 2d 2d 2d 2d 2d 2d 2d 2d 2d 2d 2d 2d 2d 2d 2d 2d 2d 2d 2d 2d;
1600345283392;0.768433;0.634396;7.952;5.120;3.319;0.041321;0.007019;0.005493;0.000305;0;0.00061;0.006409;1.221;0.019226;0.00061;0.00061;0.000916;0.001221;0.001221;0.001221;0.189819;0.007629;0.001984;6.1e-05;0.000732;0.000397;6.1e-05;0;0.000275;0.38147;0.712585;0.326538;1600345282;178;00000001 | 00010010 | 00000011 | 00000000 | ;3;0;0;0;2;0; 0a 30 68 3d 42 ff f8 fe 44 41 5b ff 3d 02 d9 fe 90 f7 be 09 4e fc 0a 31 68 3d 4a ff fd fe 45 41 5b ff 3d 02 d9 fe 90 f7 be 09 4e fc 0a 32 68 3d 60 ff 05 ff 3d 41 60 ff 31 02 df fe 90 f7 be 09 4e fc 0a 33 68 3d 52 ff f6 fe 32 41 59 ff 36 02 e5 fe 90 f7 be 09 4e fc 02 00 00 00 04 00 00 00 02 00 00 00 00 00 00 00 00 00 00 00 b0 ff 02 20 00 00 00 00 f9 ff ff ff;
1600345287799;1.061;0.4106;8.070;5.201;3.315;0.042114;0.007324;0.003052;0.000305;0.000305;0.00061;0.007019;1.066;0.019226;0.001526;0.000305;0.000916;0.001221;0.001221;0.001221;0.133667;0.007019;0.001984;6.1e-05;0.000763;0.000397;3.1e-05;0;0.000305;0.360718;0.733948;0.332336;1600345286;178;00000001 | 00010010 | 00000011 | 00000000 | ;3;0;0;0;2;0; 0a 30 68 3d 55 ff f7 fe 3f 41 6d ff 33 02 d0 fe 92 f7 b0 09 27 fc 0a 31 68 3d 5a ff fb fe 41 41 5a ff 4b 02 d6 fe 92 f7 b0 09 27 fc 0a 32 68 3d 5c ff 00 ff 46 41 4e ff 30 02 d6 fe 92 f7 b0 09 27 fc 0a 33 68 3d 5c ff 00 ff 46 41 62 ff 3a 02 d3 fe 92 f7 b0 09 27 fc 02 00 00 00 00 00 00 00 00 00 00 00 00 00 00 00 88 ff 02 20 01 00 00 00 10 01 00 00 00 00 00 00;
1600345304102;0.835571;0.706528;7.986;5.099;3.320;0.053284;0.00885;0.003357;0.000305;0;0.00061;0.007629;1.161;0.019226;0.00061;0.000305;0.000916;0.001221;0.001221;0.001221;0.167236;0.007019;0.002136;6.1e-05;0.000763;0.000397;6.1e-05;0;0.000275;0.358887;0.714417;0.332031;1600345303;178;01000001 | 00010010 | 00000011 | 00000000 | ;3;0;0;0;2;0; 54 68 69 73 20 69 73 20 62 65 61 63 6f 6e 00 00 00 00 00 00 00 00 00 00 00 00 00 00 00 00 00 00 00 00 00 00 00 00 00 00 00 00 00 00 00 00 00 00 00 00 00 00 00 00 00 00 00 00 00 00 00 00 00 00 00 00 00 00 00 00 00 00 00 00 00 00 00 00 00 00 00 00 00 00 00 00 00 00 00 00 00 00 00 00 00 00 00 00 00 00 00 00 00 00 00 00 00 00 00 00 00 00 00 00 00 00 00 00 00 00;
1600345305186;0.558472;0.250614;7.963;5.208;3.320;0.060089;0.005493;0.004272;0;0;0.00061;0.006714;1.077;0.018311;0.00061;0.000305;0.000916;0.001221;0.001221;0.001221;0.003052;0.007019;0.001984;6.1e-05;0.000763;0.000366;6.1e-05;0;0.000275;0.36377;0.781555;0.309448;1600345304;178;11000001 | 00010010 | 00000011 | 00000000 | ;3;0;0;0;2;0; 54 68 69 73 20 69 73 20 62 65 61 63 6f 6e 00 00 00 00 00 00 00 00 00 00 00 00 00 00 00 00 00 00 00 00 00 00 00 00 00 00 00 00 00 00 00 00 00 00 00 00 00 00 00 00 00 00 00 00 00 00 00 00 00 00 00 00 00 00 00 00 00 00 00 00 00 00 00 00 00 00 00 00 00 00 00 00 00 00 00 00 00 00 00 00 00 00 00 00 00 00 00 00 00 00 00 00 00 00 00 00 00 00 00 00 00 00 00 00 00 00;
1600345307752;0.545044;0.235818;7.956;5.216;3.320;0.043549;0.004883;0.003052;0.000305;0;0.001221;0.007019;1.071;0.018616;0.00061;0.000305;0.000916;0.001221;0.001221;0.001221;0.002441;0.007019;0.001984;9.2e-05;0.000732;0.000397;6.1e-05;0;0.000275;0.361938;0.779419;0.324097;1600345306;178;11000001 | 00010010 | 00000011 | 00000000 | ;3;0;0;0;2;0; 54 68 69 73 20 69 73 20 62 65 61 63 6f 6e 00 00 00 00 00 00 00 00 00 00 00 00 00 00 00 00 00 00 00 00 00 00 00 00 00 00 00 00 00 00 00 00 00 00 00 00 00 00 00 00 00 00 00 00 00 00 00 00 00 00 00 00 00 00 00 00 00 00 00 00 00 00 00 00 00 00 00 00 00 00 00 00 00 00 00 00 00 00 00 00 00 00 00 00 00 00 00 00 00 00 00 00 00 00 00 00 00 00 00 00 00 00 00 00 00 00;
1600345308781;0.545654;0.235818;7.952;5.075;3.322;0.061432;0.004883;0.005188;0.000305;0;0.00061;0.006409;1.087;0.018921;0.00061;0.00061;0.001221;0.00061;0.001221;0.001221;0.002441;0.007324;0.001984;9.2e-05;0.000702;0.000397;3.1e-05;0;0.000275;0.361938;0.776672;0.327759;1600345307;178;11000001 | 00010010 | 00000011 | 00000000 | ;3;0;0;0;2;0; 2d 2d 2d 2d 2d 2d 2d 2d 2d 2d 2d 2d 2d 2d 2d 2d 2d 2d 2d 2d 2d 2d 2d 2d 2d 2d 2d 2d 2d 2d 2d 2d 2d 2d 2d 2d 2d 2d 2d 2d 2d 2d 2d 2d 2d 2d 2d 2d 2d 2d 2d 2d 2d 2d 2d 2d 2d 2d 2d 2d 2d 2d 2d 2d 2d 2d 2d 2d 2d 2d 2d 2d 2d 2d 2d 2d 2d 2d 2d 2d 2d 2d 2d 2d 2d 2d 2d 2d 2d 2d 2d 2d 2d 2d 2d 2d 2d 2d 2d 2d 2d 2d 2d 2d 2d 2d 2d 2d 2d 2d 2d 2d 2d 2d 2d 2d 2d 2d 2d 2d;
1600345310354;0.545654;0.234893;7.956;5.206;3.320;0.042847;0.005188;0.004578;0.000305;0.00061;0.00061;0.007324;1.043;0.018921;0.000916;0.000305;0.000916;0.001221;0.001221;0.001221;0.002441;0.007324;0.001984;6.1e-05;0.000763;0.000397;6.1e-05;0;0.000275;0.362854;0.778809;0.328674;1600345309;178;11000001 | 00010010 | 00000011 | 00000000 | ;3;0;0;0;2;0; 2d 2d 2d 2d 2d 2d 2d 2d 2d 2d 2d 2d 2d 2d 2d 2d 2d 2d 2d 2d 2d 2d 2d 2d 2d 2d 2d 2d 2d 2d 2d 2d 2d 2d 2d 2d 2d 2d 2d 2d 2d 2d 2d 2d 2d 2d 2d 2d 2d 2d 2d 2d 2d 2d 2d 2d 2d 2d 2d 2d 2d 2d 2d 2d 2d 2d 2d 2d 2d 2d 2d 2d 2d 2d 2d 2d 2d 2d 2d 2d 2d 2d 2d 2d 2d 2d 2d 2d 2d 2d 2d 2d 2d 2d 2d 2d 2d 2d 2d 2d 2d 2d 2d 2d 2d 2d 2d 2d 2d 2d 2d 2d 2d 2d 2d 2d 2d 2d 2d 2d;
1600345478086;0.546265;0.230269;7.966;5.224;3.319;0.042175;0.004578;0.004272;0.000305;0;0.00061;0.006714;1.079;0.019226;0.00061;0.000305;0.000916;0.001221;0.001221;0.001221;0.003052;0.007019;0.002136;6.1e-05;0.000732;0.000366;3.1e-05;0;0.000275;0.362549;0.779114;0.328369;1600345477;178;11000001 | 00010010 | 00000011 | 00000000 | ;3;0;0;0;2;0; 54 68 69 73 20 69 73 20 62 65 61 63 6f 6e 00 00 00 00 00 00 00 00 00 00 00 00 00 00 00 00 00 00 00 00 00 00 00 00 00 00 00 00 00 00 00 00 00 00 00 00 00 00 00 00 00 00 00 00 00 00 00 00 00 00 00 00 00 00 00 00 00 00 00 00 00 00 00 00 00 00 00 00 00 00 00 00 00 00 00 00 00 00 00 00 00 00 00 00 00 00 00 00 00 00 00 00 00 00 00 00 00 00 00 00 00 00 00 00 00 00;
1600345478950;0.55481;0.250614;7.966;5.073;3.319;0.046143;0.005798;0.003052;0.000305;0;0.000305;0.007019;1.059;0.019836;0.00061;0.000305;0.000916;0.001221;0.001831;0.001221;0.003052;0.007019;0.002136;0.000122;0.000732;0.000366;3.1e-05;0;0.000244;0.361023;0.778503;0.328674;1600345478;178;11000001 | 00010010 | 00000011 | 00000000 | ;3;0;0;0;2;0; 54 68 69 73 20 69 73 20 62 65 61 63 6f 6e 00 00 00 00 00 00 00 00 00 00 00 00 00 00 00 00 00 00 00 00 00 00 00 00 00 00 00 00 00 00 00 00 00 00 00 00 00 00 00 00 00 00 00 00 00 00 00 00 00 00 00 00 00 00 00 00 00 00 00 00 00 00 00 00 00 00 00 00 00 00 00 00 00 00 00 00 00 00 00 00 00 00 00 00 00 00 00 00 00 00 00 00 00 00 00 00 00 00 00 00 00 00 00 00 00 00;
1600345480002;0.545044;0.233968;7.959;5.146;3.322;0.052368;0.006409;0.002136;0.000305;0;0.000916;0.007629;1.038;0.018921;0.000305;0;0.000916;0.001221;0.001221;0.001221;0.002441;0.007019;0.001984;6.1e-05;0.000732;0.000366;6.1e-05;0;0.000275;0.361938;0.779114;0.327454;1600345479;178;11000001 | 00010010 | 00000011 | 00000000 | ;3;0;0;0;2;0; 54 68 69 73 20 69 73 20 62 65 61 63 6f 6e 00 00 00 00 00 00 00 00 00 00 00 00 00 00 00 00 00 00 00 00 00 00 00 00 00 00 00 00 00 00 00 00 00 00 00 00 00 00 00 00 00 00 00 00 00 00 00 00 00 00 00 00 00 00 00 00 00 00 00 00 00 00 00 00 00 00 00 00 00 00 00 00 00 00 00 00 00 00 00 00 00 00 00 00 00 00 00 00 00 00 00 00 00 00 00 00 00 00 00 00 00 00 00 00 00 00;
1600345480790;0.545654;0.232119;7.959;5.167;3.320;0.054688;0.005188;0.003662;0.000305;0;0.000916;0.006714;1.076;0.019226;0.00061;0.000305;0.000916;0.001221;0.001221;0.001221;0.003662;0.007019;0.001984;6.1e-05;0.000763;0.000366;6.1e-05;0;0.000275;0.361938;0.779114;0.333252;1600345480;178;11000001 | 00010010 | 00000011 | 00000000 | ;3;0;0;0;2;0; 54 68 69 73 20 69 73 20 62 65 61 63 6f 6e 00 00 00 00 00 00 00 00 00 00 00 00 00 00 00 00 00 00 00 00 00 00 00 00 00 00 00 00 00 00 00 00 00 00 00 00 00 00 00 00 00 00 00 00 00 00 00 00 00 00 00 00 00 00 00 00 00 00 00 00 00 00 00 00 00 00 00 00 00 00 00 00 00 00 00 00 00 00 00 00 00 00 00 00 00 00 00 00 00 00 00 00 00 00 00 00 00 00 00 00 00 00 00 00 00 00;
1600345481567;0.545044;0.232119;7.966;5.131;3.319;0.041595;0.004578;0.004272;0.000305;0;0.00061;0.006714;1.079;0.018921;0.00061;0.000305;0.000916;0.00061;0.001221;0.001221;0.002441;0.007019;0.001984;6.1e-05;0.000763;0.000366;6.1e-05;0;0.000244;0.361023;0.779114;0.332031;1600345480;178;11000001 | 00010010 | 00000011 | 00000000 | ;3;0;0;0;2;0; 54 68 69 73 20 69 73 20 62 65 61 63 6f 6e 00 00 00 00 00 00 00 00 00 00 00 00 00 00 00 00 00 00 00 00 00 00 00 00 00 00 00 00 00 00 00 00 00 00 00 00 00 00 00 00 00 00 00 00 00 00 00 00 00 00 00 00 00 00 00 00 00 00 00 00 00 00 00 00 00 00 00 00 00 00 00 00 00 00 00 00 00 00 00 00 00 00 00 00 00 00 00 00 00 00 00 00 00 00 00 00 00 00 00 00 00 00 00 00 00 00;
1600345482410;0.567627;0.282056;7.963;5.191;3.320;0.053864;0.005188;0.003052;0;0;0.00061;0.006409;1.080;0.018616;0.00061;0.00061;0.000916;0.001221;0.001221;0.001221;0.002441;0.007019;0.001984;9.2e-05;0.000763;0.000366;6.1e-05;0;0.000275;0.361328;0.779114;0.307922;1600345481;178;11000001 | 00010010 | 00000011 | 00000000 | ;3;0;0;0;2;0; 54 68 69 73 20 69 73 20 62 65 61 63 6f 6e 00 00 00 00 00 00 00 00 00 00 00 00 00 00 00 00 00 00 00 00 00 00 00 00 00 00 00 00 00 00 00 00 00 00 00 00 00 00 00 00 00 00 00 00 00 00 00 00 00 00 00 00 00 00 00 00 00 00 00 00 00 00 00 00 00 00 00 00 00 00 00 00 00 00 00 00 00 00 00 00 00 00 00 00 00 00 00 00 00 00 00 00 00 00 00 00 00 00 00 00 00 00 00 00 00 00;
1600345483186;0.543823;0.233043;7.966;5.232;3.320;0.043518;0.004883;0.004578;0;0.000305;0.00061;0.006714;1.079;0.018921;0.00061;0.000305;0.000916;0.00061;0.001221;0.001221;0.002441;0.007019;0.001984;9.2e-05;0.000763;0.000366;3.1e-05;0;0.000244;0.361023;0.779114;0.324707;1600345482;178;11000001 | 00010010 | 00000011 | 00000000 | ;3;0;0;0;2;0; 54 68 69 73 20 69 73 20 62 65 61 63 6f 6e 00 00 00 00 00 00 00 00 00 00 00 00 00 00 00 00 00 00 00 00 00 00 00 00 00 00 00 00 00 00 00 00 00 00 00 00 00 00 00 00 00 00 00 00 00 00 00 00 00 00 00 00 00 00 00 00 00 00 00 00 00 00 00 00 00 00 00 00 00 00 00 00 00 00 00 00 00 00 00 00 00 00 00 00 00 00 00 00 00 00 00 00 00 00 00 00 00 00 00 00 00 00 00 00 00 00;
1600345486157;0.545654;0.233968;7.966;5.185;3.320;0.042419;0.004578;0.004272;0.000305;0.000305;0.00061;0.007019;1.072;0.019226;0.00061;0.000305;0.001221;0.001221;0.001221;0.001221;0.002441;0.006409;0.001984;6.1e-05;0.000732;0.000366;6.1e-05;0;0.000275;0.362854;0.778809;0.3302;1600345485;178;11000001 | 00010010 | 00000011 | 00000000 | ;3;0;0;0;2;0; 54 68 69 73 20 69 73 20 62 65 61 63 6f 6e 00 00 00 00 00 00 00 00 00 00 00 00 00 00 00 00 00 00 00 00 00 00 00 00 00 00 00 00 00 00 00 00 00 00 00 00 00 00 00 00 00 00 00 00 00 00 00 00 00 00 00 00 00 00 00 00 00 00 00 00 00 00 00 00 00 00 00 00 00 00 00 00 00 00 00 00 00 00 00 00 00 00 00 00 00 00 00 00 00 00 00 00 00 00 00 00 00 00 00 00 00 00 00 00 00 00;
1600345487366;0.545654;0.22657;7.963;5.185;3.320;0.042969;0.005798;0.003052;0.000305;0.000305;0.00061;0.007324;1.046;0.018921;0.00061;0.00061;0.000916;0.001221;0.001221;0.001221;0.003052;0.007324;0.001984;6.1e-05;0.000793;0.000366;6.1e-05;0;0.000275;0.361938;0.779114;0.325317;1600345486;178;11000001 | 00010010 | 00000011 | 00000000 | ;3;0;0;0;2;0; 2d 2d 2d 2d 2d 2d 2d 2d 2d 2d 2d 2d 2d 2d 2d 2d 2d 2d 2d 2d 2d 2d 2d 2d 2d 2d 2d 2d 2d 2d 2d 2d 2d 2d 2d 2d 2d 2d 2d 2d 2d 2d 2d 2d 2d 2d 2d 2d 2d 2d 2d 2d 2d 2d 2d 2d 2d 2d 2d 2d 2d 2d 2d 2d 2d 2d 2d 2d 2d 2d 2d 2d 2d 2d 2d 2d 2d 2d 2d 2d 2d 2d 2d 2d 2d 2d 2d 2d 2d 2d 2d 2d 2d 2d 2d 2d 2d 2d 2d 2d 2d 2d 2d 2d 2d 2d 2d 2d 2d 2d 2d 2d 2d 2d 2d 2d 2d 2d 2d 2d;
1600345488514;0.545044;0.228419;7.959;5.167;3.320;0.059204;0.006714;0.003967;0.000305;0;0.001221;0.007324;1.042;0.018921;0.00061;0.000305;0.000916;0.001221;0.001221;0.001221;0.002441;0.007324;0.001984;6.1e-05;0.000763;0.000366;6.1e-05;0;0.000275;0.361633;0.779114;0.323486;1600345487;178;11000001 | 00010010 | 00000011 | 00000000 | ;3;0;0;0;2;0; 2d 2d 2d 2d 2d 2d 2d 2d 2d 2d 2d 2d 2d 2d 2d 2d 2d 2d 2d 2d 2d 2d 2d 2d 2d 2d 2d 2d 2d 2d 2d 2d 2d 2d 2d 2d 2d 2d 2d 2d 2d 2d 2d 2d 2d 2d 2d 2d 2d 2d 2d 2d 2d 2d 2d 2d 2d 2d 2d 2d 2d 2d 2d 2d 2d 2d 2d 2d 2d 2d 2d 2d 2d 2d 2d 2d 2d 2d 2d 2d 2d 2d 2d 2d 2d 2d 2d 2d 2d 2d 2d 2d 2d 2d 2d 2d 2d 2d 2d 2d 2d 2d 2d 2d 2d 2d 2d 2d 2d 2d 2d 2d 2d 2d 2d 2d 2d 2d 2d 2d;
1600345495792;0.545044;0.231194;7.966;5.115;3.320;0.051788;0.004883;0.003967;0.000305;0;0.00061;0.006714;1.087;0.019531;0.00061;0.000305;0.000916;0.001221;0.001221;0.001221;0.003052;0.007019;0.001984;9.2e-05;0.000763;0.000366;3.1e-05;0;0.000244;0.361328;0.779114;0.327454;1600345494;178;11000001 | 00010010 | 00000011 | 00000000 | ;3;0;0;0;2;0; 0a 30 68 3d 44 ff 01 ff 3c 41 4e ff 49 02 d2 fe df f7 72 0a c0 fb 0a 31 68 3d 55 ff f6 fe 56 41 58 ff 49 02 d2 fe df f7 72 0a c0 fb 0a 32 68 3d 59 ff 0a ff 43 41 4f ff 4c 02 ca fe df f7 72 0a c0 fb 0a 33 68 3d 5f ff fc fe 56 41 5a ff 50 02 e2 fe f8 f7 8a 0a b6 fb 02 00 00 00 00 00 00 00 00 00 00 00 00 00 00 00 88 ff 02 20 01 00 00 00 10 01 00 00 00 00 00 00;
1600345514814;0.546265;0.231194;7.966;5.245;3.320;0.042023;0.004578;0.004578;0;0.000305;0.00061;0.006104;1.085;0.018616;0.00061;0.000305;0.001221;0.001221;0.001221;0.001221;0.002441;0.007019;0.001984;6.1e-05;0.000763;0.000366;3.1e-05;0;0.000244;0.362854;0.779724;0.323792;1600345514;178;11000001 | 00010010 | 00000011 | 00000000 | ;3;0;0;0;2;0; 54 68 69 73 20 69 73 20 62 65 61 63 6f 6e 00 00 00 00 00 00 00 00 00 00 00 00 00 00 00 00 00 00 00 00 00 00 00 00 00 00 00 00 00 00 00 00 00 00 00 00 00 00 00 00 00 00 00 00 00 00 00 00 00 00 00 00 00 00 00 00 00 00 00 00 00 00 00 00 00 00 00 00 00 00 00 00 00 00 00 00 00 00 00 00 00 00 00 00 00 00 00 00 00 00 00 00 00 00 00 00 00 00 00 00 00 00 00 00 00 00;
1600345515866;0.545654;0.231194;7.966;5.122;3.323;0.062805;0.004883;0.003967;0.000305;0;0.00061;0.007324;1.085;0.018616;0.00061;0.000305;0.000916;0.001221;0.001221;0.001221;0.003052;0.007324;0.001984;6.1e-05;0.000732;0.000366;6.1e-05;6.1e-05;0.000275;0.362549;0.779114;0.324402;1600345515;178;11000001 | 00010010 | 00000011 | 00000000 | ;3;0;0;0;2;0; 54 68 69 73 20 69 73 20 62 65 61 63 6f 6e 00 00 00 00 00 00 00 00 00 00 00 00 00 00 00 00 00 00 00 00 00 00 00 00 00 00 00 00 00 00 00 00 00 00 00 00 00 00 00 00 00 00 00 00 00 00 00 00 00 00 00 00 00 00 00 00 00 00 00 00 00 00 00 00 00 00 00 00 00 00 00 00 00 00 00 00 00 00 00 00 00 00 00 00 00 00 00 00 00 00 00 00 00 00 00 00 00 00 00 00 00 00 00 00 00 00;
1600345560731;0.548096;0.241366;7.966;5.251;3.322;0.059601;0.006714;0.003052;0.001221;0;0.00061;0.007324;1.045;0.019226;0.00061;0.000305;0.000916;0.001221;0.001221;0.001221;0.002441;0.007019;0.001984;6.1e-05;0.000793;0.000366;6.1e-05;0;0.000275;0.360413;0.778809;0.332642;1600345559;178;11000001 | 00010010 | 00000011 | 00000000 | ;3;0;0;0;2;0; 54 68 69 73 20 69 73 20 62 65 61 63 6f 6e 00 00 00 00 00 00 00 00 00 00 00 00 00 00 00 00 00 00 00 00 00 00 00 00 00 00 00 00 00 00 00 00 00 00 00 00 00 00 00 00 00 00 00 00 00 00 00 00 00 00 00 00 00 00 00 00 00 00 00 00 00 00 00 00 00 00 00 00 00 00 00 00 00 00 00 00 00 00 00 00 00 00 00 00 00 00 00 00 00 00 00 00 00 00 00 00 00 00 00 00 00 00 00 00 00 00;
1600345561865;0.545044;0.230269;7.973;5.190;3.320;0.047943;0.005188;0.004578;0;0;0.00061;0.006104;1.071;0.018921;0.00061;0.000305;0.000916;0.001221;0.001221;0.001221;0.003052;0.006714;0.001984;6.1e-05;0.000763;0.000366;6.1e-05;3.1e-05;0.000244;0.362854;0.779114;0.325012;1600345561;178;11000001 | 00010010 | 00000011 | 00000000 | ;3;0;0;0;2;0; 54 68 69 73 20 69 73 20 62 65 61 63 6f 6e 00 00 00 00 00 00 00 00 00 00 00 00 00 00 00 00 00 00 00 00 00 00 00 00 00 00 00 00 00 00 00 00 00 00 00 00 00 00 00 00 00 00 00 00 00 00 00 00 00 00 00 00 00 00 00 00 00 00 00 00 00 00 00 00 00 00 00 00 00 00 00 00 00 00 00 00 00 00 00 00 00 00 00 00 00 00 00 00 00 00 00 00 00 00 00 00 00 00 00 00 00 00 00 00 00 00;
1600345562719;0.545654;0.230269;7.969;5.165;3.320;0.043182;0.004883;0.003662;0.000305;0;0.00061;0.006714;1.077;0.019226;0.00061;0.000305;0.000916;0.001221;0.001221;0.001221;0.003052;0.007019;0.002136;6.1e-05;0.000763;0.000366;3.1e-05;0;0.000275;0.362244;0.779114;0.328064;1600345561;178;11000001 | 00010010 | 00000011 | 00000000 | ;3;0;0;0;2;0; 54 68 69 73 20 69 73 20 62 65 61 63 6f 6e 00 00 00 00 00 00 00 00 00 00 00 00 00 00 00 00 00 00 00 00 00 00 00 00 00 00 00 00 00 00 00 00 00 00 00 00 00 00 00 00 00 00 00 00 00 00 00 00 00 00 00 00 00 00 00 00 00 00 00 00 00 00 00 00 00 00 00 00 00 00 00 00 00 00 00 00 00 00 00 00 00 00 00 00 00 00 00 00 00 00 00 00 00 00 00 00 00 00 00 00 00 00 00 00 00 00;
1600345563693;0.544434;0.231194;7.969;5.238;3.320;0.042145;0.005188;0.004578;0.000305;0.000305;0.00061;0.006714;1.058;0.018616;0.001221;0.000305;0.000916;0.001221;0.001221;0.001221;0.002441;0.007324;0.001984;6.1e-05;0.000732;0.000366;3.1e-05;0;0.000275;0.362244;0.779114;0.323181;1600345562;178;11000001 | 00010010 | 00000011 | 00000000 | ;3;0;0;0;2;0; 54 68 69 73 20 69 73 20 62 65 61 63 6f 6e 00 00 00 00 00 00 00 00 00 00 00 00 00 00 00 00 00 00 00 00 00 00 00 00 00 00 00 00 00 00 00 00 00 00 00 00 00 00 00 00 00 00 00 00 00 00 00 00 00 00 00 00 00 00 00 00 00 00 00 00 00 00 00 00 00 00 00 00 00 00 00 00 00 00 00 00 00 00 00 00 00 00 00 00 00 00 00 00 00 00 00 00 00 00 00 00 00 00 00 00 00 00 00 00 00 00;
1600345591946;0.00061;0.282981;7.733;5.191;3.319;0.04303;0.007629;0.004272;0.000305;0.000305;0.00061;0.006714;1.147;0.018921;0.00061;0.000305;0.000916;0.001221;0.001221;0.001221;0.002441;0.007019;0.002136;6.1e-05;0.000763;0.000366;6.1e-05;3.1e-05;0.000275;0.090637;0.617371;0.324707;1600345591;178;11000001 | 00010010 | 00000011 | 00000000 | ;3;0;0;0;2;0; 54 68 69 73 20 69 73 20 62 65 61 63 6f 6e 00 00 00 00 00 00 00 00 00 00 00 00 00 00 00 00 00 00 00 00 00 00 00 00 00 00 00 00 00 00 00 00 00 00 00 00 00 00 00 00 00 00 00 00 00 00 00 00 00 00 00 00 00 00 00 00 00 00 00 00 00 00 00 00 00 00 00 00 00 00 00 00 00 00 00 00 00 00 00 00 00 00 00 00 00 00 00 00 00 00 00 00 00 00 00 00 00 00 00 00 00 00 00 00 00 00;
1600345592908;0.00061;0.282056;7.730;5.208;3.319;0.047943;0.007324;0.004578;0.000305;0.000305;0.00061;0.006409;1.174;0.018921;0.00061;0.000305;0.000916;0.001221;0.001221;0.001221;0.002441;0.007324;0.001984;6.1e-05;0.000763;0.000397;6.1e-05;3.1e-05;0.000244;0.091553;0.617065;0.324097;1600345592;178;11000001 | 00010010 | 00000011 | 00000000 | ;3;0;0;0;2;0; 54 68 69 73 20 69 73 20 62 65 61 63 6f 6e 00 00 00 00 00 00 00 00 00 00 00 00 00 00 00 00 00 00 00 00 00 00 00 00 00 00 00 00 00 00 00 00 00 00 00 00 00 00 00 00 00 00 00 00 00 00 00 00 00 00 00 00 00 00 00 00 00 00 00 00 00 00 00 00 00 00 00 00 00 00 00 00 00 00 00 00 00 00 00 00 00 00 00 00 00 00 00 00 00 00 00 00 00 00 00 00 00 00 00 00 00 00 00 00 00 00;
1600345595033;0.00061;0.282981;7.726;5.230;3.320;0.042023;0.008545;0.003052;0.000305;0;0.00061;0.007629;1.124;0.018921;0.00061;0.000305;0.000916;0.001221;0.001221;0.001221;0.002441;0.007019;0.001984;6.1e-05;0.000763;0.000366;6.1e-05;3.1e-05;0.000244;0.091248;0.61676;0.324097;1600345594;178;11000001 | 00010010 | 00000011 | 00000000 | ;3;0;0;0;2;0; 0a 30 68 3d 52 ff fd fe 3f 41 62 ff 4a 02 d8 fe 16 f9 20 0b ed f9 0a 31 68 3d 52 ff 0b ff 2d 41 6c ff 52 02 ce fe 16 f9 20 0b ed f9 0a 32 68 3d 43 ff 0b ff 2d 41 6c ff 49 02 d5 fe 16 f9 20 0b ed f9 0a 33 68 3d 53 ff 06 ff 3c 41 62 ff 49 02 d5 fe 16 f9 20 0b ed f9 02 00 01 00 68 74 00 20 a0 ff 01 00 01 00 00 00 02 00 00 00 00 00 00 00 00 00 00 00 00 00 00 00;
1600345596370;0.00061;0.282056;7.723;5.185;3.320;0.054382;0.007629;0.004272;0.000305;0;0.00061;0.006714;1.166;0.018921;0.00061;0.000305;0.000916;0.001221;0.001221;0.001221;0.002441;0.007324;0.001984;6.1e-05;0.000763;0.000397;6.1e-05;3.1e-05;0.000244;0.091248;0.61676;0.326843;1600345595;178;11000001 | 00010010 | 00000011 | 00000000 | ;3;0;0;0;2;0; 0a 30 68 3d 4d ff 09 ff 5e 41 49 ff 42 02 db fe 32 f9 40 0b df f9 0a 31 68 3d 55 ff f9 fe 4a 41 58 ff 48 02 d8 fe 32 f9 40 0b df f9 0a 32 68 3d 4b ff fe fe 49 41 60 ff 52 02 c7 fe 32 f9 40 0b df f9 0a 33 68 3d 4b ff fe fe 49 41 60 ff 46 02 db fe 32 f9 40 0b df f9 02 00 00 00 00 00 00 00 00 00 00 00 00 00 00 00 88 ff 02 20 01 00 00 00 10 01 00 00 00 00 00 00;
1600345606688;0.00061;0.282981;7.713;5.144;3.322;0.052277;0.007324;0.004272;0.000305;0;0.00061;0.006409;1.161;0.018921;0.00061;0.000305;0.000916;0.001221;0.001221;0.001221;0.003052;0.007019;0.001984;6.1e-05;0.000763;0.000366;6.1e-05;3.1e-05;0.000275;0.090942;0.615845;0.323486;1600345605;178;11000001 | 00010010 | 00000011 | 00000000 | ;3;0;0;0;2;0; 54 68 69 73 20 69 73 20 62 65 61 63 6f 6e 00 00 00 00 00 00 00 00 00 00 00 00 00 00 00 00 00 00 00 00 00 00 00 00 00 00 00 00 00 00 00 00 00 00 00 00 00 00 00 00 00 00 00 00 00 00 00 00 00 00 00 00 00 00 00 00 00 00 00 00 00 00 00 00 00 00 00 00 00 00 00 00 00 00 00 00 00 00 00 00 00 00 00 00 00 00 00 00 00 00 00 00 00 00 00 00 00 00 00 00 00 00 00 00 00 00;
1600345632392;0.00061;0.284831;7.699;5.211;3.320;0.05722;0.009766;0.003052;0.000305;0.000305;0.00061;0.007629;1.116;0.019226;0.00061;0.000305;0.000916;0.001221;0.001221;0.001221;0.002441;0.007019;0.001984;6.1e-05;0.000732;0.000366;6.1e-05;3.1e-05;0.000244;0.090942;0.614319;0.3302;1600345631;178;11000001 | 00010010 | 00000011 | 00000000 | ;3;0;0;0;2;0; 0a 30 68 3d 4d ff 06 ff 60 41 5a ff 3d 02 de fe 35 f9 fe 0a 3e fa 0a 31 68 3d 51 ff fd fe 56 41 53 ff 4c 02 d7 fe 35 f9 fe 0a 3e fa 0a 32 68 3d 51 ff fd ff 1e 41 46 ff 5b 02 c9 fe 35 f9 fe 0a 3e fa 0a 33 68 3d 4c ff 08 ff 1e 41 46 ff 5b 02 cf fe 35 f9 fe 0a 3e fa 00 00 00 00 a0 ff 02 20 00 00 00 00 f9 ff ff ff 90 6b 00 20 e7 ff 02 20 00 00 00 00 90 6b 00 20;
1600345634753;0.00061;0.284831;7.699;5.154;3.319;0.048004;0.007935;0.004272;0.000305;0.000305;0.00061;0.006714;1.155;0.018921;0.00061;0.000305;0.000916;0.001221;0.001221;0.001221;0.002441;0.007019;0.001984;6.1e-05;0.000763;0.000397;6.1e-05;6.1e-05;0.000275;0.090637;0.614319;0.328979;1600345633;178;11000001 | 00010010 | 00000011 | 00000000 | ;3;0;0;0;2;0; 0a 30 68 3d 32 ff 0a ff 6c 41 6b ff 50 02 cd fe 01 f9 04 0b 58 fa 0a 31 68 3d 5f ff 07 ff 79 41 62 ff 59 02 cd fe 01 f9 04 0b 58 fa 0a 32 68 3d 43 ff 0c ff 29 41 6e ff 43 02 d2 fe 01 f9 04 0b 58 fa 0a 33 68 3d 53 ff 05 ff 2f 41 5c ff 36 02 e1 fe 01 f9 04 0b 58 fa 00 00 01 00 68 74 00 20 a0 ff 01 00 01 00 00 00 02 00 00 00 00 00 00 00 00 00 00 00 00 00 00 00;
1600345753732;0.00061;0.284831;7.676;5.096;3.320;0.056305;0.009155;0.003052;0.000305;0;0.00061;0.007324;1.119;0.018921;0.00061;0.000305;0.000916;0.001221;0.001221;0.00061;0.002441;0.007019;0.001984;6.1e-05;0.000793;0.000366;6.1e-05;3.1e-05;0.000275;0.090637;0.612488;0.328979;1600345752;178;11000001 | 00010010 | 00000011 | 00000000 | ;3;0;0;0;2;0; 54 68 69 73 20 69 73 20 62 65 61 63 6f 6e 00 00 00 00 00 00 00 00 00 00 00 00 00 00 00 00 00 00 00 00 00 00 00 00 00 00 00 00 00 00 00 00 00 00 00 00 00 00 00 00 00 00 00 00 00 00 00 00 00 00 00 00 00 00 00 00 00 00 00 00 00 00 00 00 00 00 00 00 00 00 00 00 00 00 00 00 00 00 00 00 00 00 00 00 00 00 00 00 00 00 00 00 00 00 00 00 00 00 00 00 00 00 00 00 00 00;
1600345754738;0.00061;0.285756;7.676;5.238;3.319;0.042603;0.007324;0.004272;0.000305;0;0.00061;0.006714;1.166;0.018921;0.00061;0.000305;0.000916;0.001221;0.001221;0.001221;0.002441;0.007324;0.002136;6.1e-05;0.000763;0.000366;6.1e-05;6.1e-05;0.000275;0.090942;0.612488;0.324097;1600345753;178;11000001 | 00010010 | 00000011 | 00000000 | ;3;0;0;0;2;0; 54 68 69 73 20 69 73 20 62 65 61 63 6f 6e 00 00 00 00 00 00 00 00 00 00 00 00 00 00 00 00 00 00 00 00 00 00 00 00 00 00 00 00 00 00 00 00 00 00 00 00 00 00 00 00 00 00 00 00 00 00 00 00 00 00 00 00 00 00 00 00 00 00 00 00 00 00 00 00 00 00 00 00 00 00 00 00 00 00 00 00 00 00 00 00 00 00 00 00 00 00 00 00 00 00 00 00 00 00 00 00 00 00 00 00 00 00 00 00 00 00;
1600345755734;0.00061;0.283906;7.676;5.107;3.322;0.048248;0.00885;0.004272;0.000305;0;0.00061;0.007324;1.124;0.018921;0.00061;0.000305;0.000916;0.001221;0.001221;0.001221;0.002441;0.007019;0.001984;6.1e-05;0.000793;0.000397;6.1e-05;6.1e-05;0.000275;0.090332;0.612488;0.323792;1600345754;178;11000001 | 00010010 | 00000011 | 00000000 | ;3;0;0;0;2;0; 54 68 69 73 20 69 73 20 62 65 61 63 6f 6e 00 00 00 00 00 00 00 00 00 00 00 00 00 00 00 00 00 00 00 00 00 00 00 00 00 00 00 00 00 00 00 00 00 00 00 00 00 00 00 00 00 00 00 00 00 00 00 00 00 00 00 00 00 00 00 00 00 00 00 00 00 00 00 00 00 00 00 00 00 00 00 00 00 00 00 00 00 00 00 00 00 00 00 00 00 00 00 00 00 00 00 00 00 00 00 00 00 00 00 00 00 00 00 00 00 00;
1600345756733;0.00061;0.284831;7.676;5.112;3.319;0.040894;0.00885;0.003052;0.000305;0.000305;0.00061;0.007324;1.119;0.018921;0.00061;0.000305;0.000916;0.001221;0.001221;0.001221;0.002441;0.007324;0.001984;6.1e-05;0.000732;0.000366;6.1e-05;3.1e-05;0.000275;0.090942;0.612488;0.324402;1600345755;178;11000001 | 00010010 | 00000011 | 00000000 | ;3;0;0;0;2;0; 54 68 69 73 20 69 73 20 62 65 61 63 6f 6e 00 00 00 00 00 00 00 00 00 00 00 00 00 00 00 00 00 00 00 00 00 00 00 00 00 00 00 00 00 00 00 00 00 00 00 00 00 00 00 00 00 00 00 00 00 00 00 00 00 00 00 00 00 00 00 00 00 00 00 00 00 00 00 00 00 00 00 00 00 00 00 00 00 00 00 00 00 00 00 00 00 00 00 00 00 00 00 00 00 00 00 00 00 00 00 00 00 00 00 00 00 00 00 00 00 00;
1600345757729;0.00061;0.284831;7.676;5.199;3.320;0.05426;0.00824;0.004272;0.000305;0.000305;0.00061;0.006714;1.163;0.018921;0.00061;0.000305;0.000916;0.001221;0.001221;0.001221;0.002441;0.007019;0.001984;6.1e-05;0.000763;0.000366;6.1e-05;3.1e-05;0.000275;0.090942;0.612488;0.32959;1600345756;178;11000001 | 00010010 | 00000011 | 00000000 | ;3;0;0;0;2;0; 54 68 69 73 20 69 73 20 62 65 61 63 6f 6e 00 00 00 00 00 00 00 00 00 00 00 00 00 00 00 00 00 00 00 00 00 00 00 00 00 00 00 00 00 00 00 00 00 00 00 00 00 00 00 00 00 00 00 00 00 00 00 00 00 00 00 00 00 00 00 00 00 00 00 00 00 00 00 00 00 00 00 00 00 00 00 00 00 00 00 00 00 00 00 00 00 00 00 00 00 00 00 00 00 00 00 00 00 00 00 00 00 00 00 00 00 00 00 00 00 00;
1600345758737;0.00061;0.285756;7.676;5.130;3.319;0.04599;0.009155;0.004272;0.000305;0.000305;0.00061;0.007324;1.124;0.018921;0.00061;0.000305;0.000916;0.001221;0.001221;0.00061;0.002441;0.007019;0.002136;6.1e-05;0.000732;0.000366;6.1e-05;6.1e-05;0.000275;0.090332;0.612183;0.333252;1600345757;178;11000001 | 00010010 | 00000011 | 00000000 | ;3;0;0;0;2;0; 54 68 69 73 20 69 73 20 62 65 61 63 6f 6e 00 00 00 00 00 00 00 00 00 00 00 00 00 00 00 00 00 00 00 00 00 00 00 00 00 00 00 00 00 00 00 00 00 00 00 00 00 00 00 00 00 00 00 00 00 00 00 00 00 00 00 00 00 00 00 00 00 00 00 00 00 00 00 00 00 00 00 00 00 00 00 00 00 00 00 00 00 00 00 00 00 00 00 00 00 00 00 00 00 00 00 00 00 00 00 00 00 00 00 00 00 00 00 00 00 00;
1600345762847;0.00061;0.282981;7.679;5.174;3.323;0.057983;0.00824;0.003052;0.000305;0;0.00061;0.007019;1.152;0.018921;0.00061;0.000305;0.000916;0.001221;0.001221;0.001221;0.002441;0.007324;0.002136;6.1e-05;0.000763;0.000366;6.1e-05;3.1e-05;0.000275;0.091248;0.612183;0.327454;1600345762;178;11000001 | 00010010 | 00000011 | 00000000 | ;3;0;0;0;2;0; 54 68 69 73 20 69 73 20 62 65 61 63 6f 6e 00 00 00 00 00 00 00 00 00 00 00 00 00 00 00 00 00 00 00 00 00 00 00 00 00 00 00 00 00 00 00 00 00 00 00 00 00 00 00 00 00 00 00 00 00 00 00 00 00 00 00 00 00 00 00 00 00 00 00 00 00 00 00 00 00 00 00 00 00 00 00 00 00 00 00 00 00 00 00 00 00 00 00 00 00 00 00 00 00 00 00 00 00 00 00 00 00 00 00 00 00 00 00 00 00 00;
1600345763843;0.00061;0.264486;7.676;5.235;3.322;0.049347;0.007629;0.004272;0.000305;0;0.00061;0.006714;1.160;0.013733;0.00061;0.000305;0.000916;0.001221;0.001221;0.001221;0.002441;0.007019;0.002136;6.1e-05;0.000732;0.000366;6.1e-05;6.1e-05;0.000275;0.090637;0.613403;0.204468;1600345763;178;11000001 | 00010010 | 00000011 | 00000000 | ;3;0;0;0;2;0; 54 68 69 73 20 69 73 20 62 65 61 63 6f 6e 00 00 00 00 00 00 00 00 00 00 00 00 00 00 00 00 00 00 00 00 00 00 00 00 00 00 00 00 00 00 00 00 00 00 00 00 00 00 00 00 00 00 00 00 00 00 00 00 00 00 00 00 00 00 00 00 00 00 00 00 00 00 00 00 00 00 00 00 00 00 00 00 00 00 00 00 00 00 00 00 00 00 00 00 00 00 00 00 00 00 00 00 00 00 00 00 00 00 00 00 00 00 00 00 00 00;
1600345764850;0.00061;0.257087;7.686;5.180;3.320;0.043396;0.00946;0.003967;0.000305;0.000305;0.00061;0.007324;1.116;0.013428;0.00061;0.000305;0.000916;0.001221;0.001221;0.001221;0.002441;0.007019;0.001984;6.1e-05;0.000763;0.000366;6.1e-05;6.1e-05;0.000275;0.090332;0.613708;0.201721;1600345764;178;11000001 | 00010010 | 00000011 | 00000000 | ;3;0;0;0;2;0; 54 68 69 73 20 69 73 20 62 65 61 63 6f 6e 00 00 00 00 00 00 00 00 00 00 00 00 00 00 00 00 00 00 00 00 00 00 00 00 00 00 00 00 00 00 00 00 00 00 00 00 00 00 00 00 00 00 00 00 00 00 00 00 00 00 00 00 00 00 00 00 00 00 00 00 00 00 00 00 00 00 00 00 00 00 00 00 00 00 00 00 00 00 00 00 00 00 00 00 00 00 00 00 00 00 00 00 00 00 00 00 00 00 00 00 00 00 00 00 00 00;
1600345765848;0.00061;0.322747;7.676;5.159;3.320;0.059906;0.007935;0.004272;0.000305;0;0.00061;0.006714;1.173;0.014343;0.00061;0.000305;0.000916;0.001221;0.001221;0.001221;0.002441;0.007324;0.001984;6.1e-05;0.000763;0.000366;6.1e-05;6.1e-05;0.000275;0.091248;0.613098;0.202942;1600345765;178;11000001 | 00010010 | 00000011 | 00000000 | ;3;0;0;0;2;0; 54 68 69 73 20 69 73 20 62 65 61 63 6f 6e 00 00 00 00 00 00 00 00 00 00 00 00 00 00 00 00 00 00 00 00 00 00 00 00 00 00 00 00 00 00 00 00 00 00 00 00 00 00 00 00 00 00 00 00 00 00 00 00 00 00 00 00 00 00 00 00 00 00 00 00 00 00 00 00 00 00 00 00 00 00 00 00 00 00 00 00 00 00 00 00 00 00 00 00 00 00 00 00 00 00 00 00 00 00 00 00 00 00 00 00 00 00 00 00 00 00;
1600345766849;0.00061;0.262636;7.683;5.180;3.319;0.047485;0.007324;0.003967;0.000305;0;0.00061;0.006714;1.173;0.014343;0.00061;0.000305;0.001221;0.001221;0.001221;0.001221;0.002441;0.007019;0.001984;6.1e-05;0.000763;0.000366;3.1e-05;3.1e-05;0.000275;0.091248;0.613098;0.204163;1600345766;178;11000001 | 00010010 | 00000011 | 00000000 | ;3;0;0;0;2;0; 54 68 69 73 20 69 73 20 62 65 61 63 6f 6e 00 00 00 00 00 00 00 00 00 00 00 00 00 00 00 00 00 00 00 00 00 00 00 00 00 00 00 00 00 00 00 00 00 00 00 00 00 00 00 00 00 00 00 00 00 00 00 00 00 00 00 00 00 00 00 00 00 00 00 00 00 00 00 00 00 00 00 00 00 00 00 00 00 00 00 00 00 00 00 00 00 00 00 00 00 00 00 00 00 00 00 00 00 00 00 00 00 00 00 00 00 00 00 00 00 00;
1600345767851;0.00061;0.28853;7.672;5.238;3.322;0.062714;0.00946;0.003052;0.000305;0.000305;0.00061;0.007935;1.116;0.018921;0.00061;0.000305;0.000916;0.001221;0.001221;0.001221;0.003052;0.007019;0.002136;6.1e-05;0.000732;0.000366;6.1e-05;3.1e-05;0.000244;0.090942;0.612488;0.328369;1600345767;178;11000001 | 00010010 | 00000011 | 00000000 | ;3;0;0;0;2;0; 54 68 69 73 20 69 73 20 62 65 61 63 6f 6e 00 00 00 00 00 00 00 00 00 00 00 00 00 00 00 00 00 00 00 00 00 00 00 00 00 00 00 00 00 00 00 00 00 00 00 00 00 00 00 00 00 00 00 00 00 00 00 00 00 00 00 00 00 00 00 00 00 00 00 00 00 00 00 00 00 00 00 00 00 00 00 00 00 00 00 00 00 00 00 00 00 00 00 00 00 00 00 00 00 00 00 00 00 00 00 00 00 00 00 00 00 00 00 00 00 00;
1600345768848;0.00061;0.285756;7.676;5.117;3.319;0.054291;0.007935;0.004578;0;0.000305;0.00061;0.006714;1.165;0.018921;0.00061;0.000305;0.001221;0.001221;0.001221;0.001221;0.003052;0.007324;0.001984;6.1e-05;0.000763;0.000397;6.1e-05;6.1e-05;0.000275;0.090942;0.612183;0.326233;1600345768;178;11000001 | 00010010 | 00000011 | 00000000 | ;3;0;0;0;2;0; 54 68 69 73 20 69 73 20 62 65 61 63 6f 6e 00 00 00 00 00 00 00 00 00 00 00 00 00 00 00 00 00 00 00 00 00 00 00 00 00 00 00 00 00 00 00 00 00 00 00 00 00 00 00 00 00 00 00 00 00 00 00 00 00 00 00 00 00 00 00 00 00 00 00 00 00 00 00 00 00 00 00 00 00 00 00 00 00 00 00 00 00 00 00 00 00 00 00 00 00 00 00 00 00 00 00 00 00 00 00 00 00 00 00 00 00 00 00 00 00 00;
1600345772761;0.00061;0.285756;7.676;5.094;3.319;0.041687;0.007935;0.004272;0;0.000305;0.00061;0.006714;1.163;0.018921;0.00061;0.000305;0.000916;0.001221;0.001221;0.00061;0.002441;0.007019;0.001984;6.1e-05;0.000732;0.000366;6.1e-05;3.1e-05;0.000275;0.090637;0.612183;0.329285;1600345771;178;11000001 | 00010010 | 00000011 | 00000000 | ;3;0;0;0;2;0; 54 68 69 73 20 69 73 20 62 65 61 63 6f 6e 00 00 00 00 00 00 00 00 00 00 00 00 00 00 00 00 00 00 00 00 00 00 00 00 00 00 00 00 00 00 00 00 00 00 00 00 00 00 00 00 00 00 00 00 00 00 00 00 00 00 00 00 00 00 00 00 00 00 00 00 00 00 00 00 00 00 00 00 00 00 00 00 00 00 00 00 00 00 00 00 00 00 00 00 00 00 00 00 00 00 00 00 00 00 00 00 00 00 00 00 00 00 00 00 00 00;
1600345774569;0.00061;0.285756;7.676;5.219;3.319;0.041138;0.009155;0.004272;0.000305;0;0.00061;0.007324;1.118;0.018616;0.00061;0.000305;0.000916;0.001221;0.001221;0.001221;0.002441;0.007019;0.001984;6.1e-05;0.000732;0.000366;6.1e-05;6.1e-05;0.000244;0.090332;0.612183;0.327148;1600345773;178;11000001 | 00010010 | 00000011 | 00000000 | ;3;0;0;0;2;0; 54 68 69 73 20 69 73 20 62 65 61 63 6f 6e 00 00 00 00 00 00 00 00 00 00 00 00 00 00 00 00 00 00 00 00 00 00 00 00 00 00 00 00 00 00 00 00 00 00 00 00 00 00 00 00 00 00 00 00 00 00 00 00 00 00 00 00 00 00 00 00 00 00 00 00 00 00 00 00 00 00 00 00 00 00 00 00 00 00 00 00 00 00 00 00 00 00 00 00 00 00 00 00 00 00 00 00 00 00 00 00 00 00 00 00 00 00 00 00 00 00;
1600345775543;0.00061;0.284831;7.676;5.167;3.318;0.041382;0.007324;0.004272;0.000305;0.000305;0.00061;0.006714;1.165;0.018921;0.00061;0.000305;0.000916;0.001221;0.001221;0.001221;0.002441;0.007019;0.001984;6.1e-05;0.000793;0.000366;6.1e-05;6.1e-05;0.000275;0.090942;0.612183;0.328369;1600345774;178;11000001 | 00010010 | 00000011 | 00000000 | ;3;0;0;0;2;0; 54 68 69 73 20 69 73 20 62 65 61 63 6f 6e 00 00 00 00 00 00 00 00 00 00 00 00 00 00 00 00 00 00 00 00 00 00 00 00 00 00 00 00 00 00 00 00 00 00 00 00 00 00 00 00 00 00 00 00 00 00 00 00 00 00 00 00 00 00 00 00 00 00 00 00 00 00 00 00 00 00 00 00 00 00 00 00 00 00 00 00 00 00 00 00 00 00 00 00 00 00 00 00 00 00 00 00 00 00 00 00 00 00 00 00 00 00 00 00 00 00;
1600345776408;0.00061;0.284831;7.672;5.143;3.320;0.049377;0.00946;0.003052;0.000305;0;0.00061;0.007324;1.123;0.018921;0.00061;0.000305;0.000916;0.001221;0.001221;0.001221;0.002441;0.007019;0.001984;6.1e-05;0.000763;0.000366;6.1e-05;3.1e-05;0.000275;0.090942;0.612183;0.195618;1600345775;178;11000001 | 00010010 | 00000011 | 00000000 | ;3;0;0;0;2;0; 54 68 69 73 20 69 73 20 62 65 61 63 6f 6e 00 00 00 00 00 00 00 00 00 00 00 00 00 00 00 00 00 00 00 00 00 00 00 00 00 00 00 00 00 00 00 00 00 00 00 00 00 00 00 00 00 00 00 00 00 00 00 00 00 00 00 00 00 00 00 00 00 00 00 00 00 00 00 00 00 00 00 00 00 00 00 00 00 00 00 00 00 00 00 00 00 00 00 00 00 00 00 00 00 00 00 00 00 00 00 00 00 00 00 00 00 00 00 00 00 00;
1600345777374;0.00061;0.284831;7.676;5.172;3.319;0.042297;0.007935;0.004578;0;0.000305;0.00061;0.007019;1.160;0.019226;0.00061;0.000305;0.000916;0.001221;0.001221;0.001221;0.002441;0.007019;0.001984;6.1e-05;0.000763;0.000366;6.1e-05;6.1e-05;0.000275;0.090637;0.612488;0.329895;1600345776;178;11000001 | 00010010 | 00000011 | 00000000 | ;3;0;0;0;2;0; 54 68 69 73 20 69 73 20 62 65 61 63 6f 6e 00 00 00 00 00 00 00 00 00 00 00 00 00 00 00 00 00 00 00 00 00 00 00 00 00 00 00 00 00 00 00 00 00 00 00 00 00 00 00 00 00 00 00 00 00 00 00 00 00 00 00 00 00 00 00 00 00 00 00 00 00 00 00 00 00 00 00 00 00 00 00 00 00 00 00 00 00 00 00 00 00 00 00 00 00 00 00 00 00 00 00 00 00 00 00 00 00 00 00 00 00 00 00 00 00 00;
1600345782338;0.00061;0.28668;7.669;5.240;3.319;0.042267;0.007629;0.004272;0.000305;0.000305;0.00061;0.006714;1.161;0.019226;0.00061;0.000305;0.000916;0.001221;0.001221;0.001221;0.003052;0.007019;0.001984;6.1e-05;0.000763;0.000366;6.1e-05;6.1e-05;0.000275;0.090637;0.612183;0.329895;1600345781;178;11000001 | 00010010 | 00000011 | 00000000 | ;3;0;0;0;2;0; 0a 30 68 3d 57 ff 01 ff 6a 41 3c ff 45 02 d6 fe 30 f9 0e 0b 43 fa 0a 31 68 3d 42 ff 06 ff 49 41 4a ff 52 02 d5 fe 30 f9 0e 0b 43 fa 0a 32 68 3d 5c ff fc fe 7c 41 57 ff 4f 02 d5 fe 30 f9 0e 0b 43 fa 0a 33 68 3d 47 ff f1 fe 6e 41 3a ff 57 02 e3 fe 30 f9 0e 0b 43 fa 98 ff 01 00 68 74 00 20 a0 ff 01 00 01 00 00 00 02 00 00 00 00 00 00 00 00 00 00 00 00 00 00 00;
1600345785591;0.00061;0.279282;7.676;5.159;3.318;0.041718;0.00824;0.003052;0;0.000305;0.00061;0.007324;1.140;0.018311;0.00061;0.000305;0.000916;0.001221;0.001221;0.001221;0.002441;0.007019;0.001984;6.1e-05;0.000763;0.000366;6.1e-05;3.1e-05;0.000244;0.091248;0.612488;0.310059;1600345784;178;11000001 | 00010010 | 00000011 | 00000000 | ;3;0;0;0;2;0; 54 68 69 73 20 69 73 20 62 65 61 63 6f 6e 00 00 00 00 00 00 00 00 00 00 00 00 00 00 00 00 00 00 00 00 00 00 00 00 00 00 00 00 00 00 00 00 00 00 00 00 00 00 00 00 00 00 00 00 00 00 00 00 00 00 00 00 00 00 00 00 00 00 00 00 00 00 00 00 00 00 00 00 00 00 00 00 00 00 00 00 00 00 00 00 00 00 00 00 00 00 00 00 00 00 00 00 00 00 00 00 00 00 00 00 00 00 00 00 00 00;
1600345786590;0.00061;0.280207;7.676;5.140;3.319;0.052368;0.007935;0.003967;0.000305;0.000305;0.00061;0.006714;1.169;0.018616;0.00061;0.000305;0.000916;0.001221;0.001221;0.001221;0.002441;0.007324;0.001984;6.1e-05;0.000763;0.000366;6.1e-05;3.1e-05;0.000275;0.091553;0.612183;0.307922;1600345785;178;11000001 | 00010010 | 00000011 | 00000000 | ;3;0;0;0;2;0; 54 68 69 73 20 69 73 20 62 65 61 63 6f 6e 00 00 00 00 00 00 00 00 00 00 00 00 00 00 00 00 00 00 00 00 00 00 00 00 00 00 00 00 00 00 00 00 00 00 00 00 00 00 00 00 00 00 00 00 00 00 00 00 00 00 00 00 00 00 00 00 00 00 00 00 00 00 00 00 00 00 00 00 00 00 00 00 00 00 00 00 00 00 00 00 00 00 00 00 00 00 00 00 00 00 00 00 00 00 00 00 00 00 00 00 00 00 00 00 00 00;
1600345787586;0.00061;0.280207;7.676;5.195;3.319;0.041351;0.007629;0.004272;0.000305;0;0.00061;0.006714;1.155;0.018311;0.00061;0.000305;0.000916;0.001221;0.001221;0.001221;0.002441;0.007019;0.001984;6.1e-05;0.000763;0.000366;6.1e-05;6.1e-05;0.000275;0.090332;0.612183;0.306396;1600345786;178;11000001 | 00010010 | 00000011 | 00000000 | ;3;0;0;0;2;0; 54 68 69 73 20 69 73 20 62 65 61 63 6f 6e 00 00 00 00 00 00 00 00 00 00 00 00 00 00 00 00 00 00 00 00 00 00 00 00 00 00 00 00 00 00 00 00 00 00 00 00 00 00 00 00 00 00 00 00 00 00 00 00 00 00 00 00 00 00 00 00 00 00 00 00 00 00 00 00 00 00 00 00 00 00 00 00 00 00 00 00 00 00 00 00 00 00 00 00 00 00 00 00 00 00 00 00 00 00 00 00 00 00 00 00 00 00 00 00 00 00;
1600345788594;0.00061;0.282056;7.676;5.096;3.319;0.042664;0.00885;0.003967;0;0.000305;0.00061;0.007629;1.116;0.018311;0.00061;0.000305;0.000916;0.001221;0.001221;0.001221;0.002441;0.007019;0.001984;6.1e-05;0.000763;0.000397;6.1e-05;3.1e-05;0.000244;0.090332;0.612183;0.308228;1600345787;178;11000001 | 00010010 | 00000011 | 00000000 | ;3;0;0;0;2;0; 54 68 69 73 20 69 73 20 62 65 61 63 6f 6e 00 00 00 00 00 00 00 00 00 00 00 00 00 00 00 00 00 00 00 00 00 00 00 00 00 00 00 00 00 00 00 00 00 00 00 00 00 00 00 00 00 00 00 00 00 00 00 00 00 00 00 00 00 00 00 00 00 00 00 00 00 00 00 00 00 00 00 00 00 00 00 00 00 00 00 00 00 00 00 00 00 00 00 00 00 00 00 00 00 00 00 00 00 00 00 00 00 00 00 00 00 00 00 00 00 00;
1600345789590;0.00061;0.281132;7.676;5.154;3.319;0.050903;0.007629;0.003662;0.000305;0;0.00061;0.006714;1.169;0.018311;0.00061;0.000305;0.001221;0.001221;0.001221;0.001221;0.002441;0.007324;0.001984;6.1e-05;0.000732;0.000397;6.1e-05;6.1e-05;0.000244;0.091553;0.612488;0.307312;1600345788;178;11000001 | 00010010 | 00000011 | 00000000 | ;3;0;0;0;2;0; 54 68 69 73 20 69 73 20 62 65 61 63 6f 6e 00 00 00 00 00 00 00 00 00 00 00 00 00 00 00 00 00 00 00 00 00 00 00 00 00 00 00 00 00 00 00 00 00 00 00 00 00 00 00 00 00 00 00 00 00 00 00 00 00 00 00 00 00 00 00 00 00 00 00 00 00 00 00 00 00 00 00 00 00 00 00 00 00 00 00 00 00 00 00 00 00 00 00 00 00 00 00 00 00 00 00 00 00 00 00 00 00 00 00 00 00 00 00 00 00 00;
1600345792122;0.00061;0.28853;7.666;5.237;3.320;0.048218;0.009155;0.003357;0.000305;0.000305;0.00061;0.007629;1.124;0.018921;0.00061;0.000305;0.000916;0.001221;0.001221;0.001221;0.002441;0.007324;0.002136;6.1e-05;0.000793;0.000366;6.1e-05;6.1e-05;0.000275;0.090942;0.612183;0.326233;1600345791;178;11000001 | 00010010 | 00000011 | 00000000 | ;3;0;0;0;2;0; 54 68 69 73 20 69 73 20 62 65 61 63 6f 6e 00 00 00 00 00 00 00 00 00 00 00 00 00 00 00 00 00 00 00 00 00 00 00 00 00 00 00 00 00 00 00 00 00 00 00 00 00 00 00 00 00 00 00 00 00 00 00 00 00 00 00 00 00 00 00 00 00 00 00 00 00 00 00 00 00 00 00 00 00 00 00 00 00 00 00 00 00 00 00 00 00 00 00 00 00 00 00 00 00 00 00 00 00 00 00 00 00 00 00 00 00 00 00 00 00 00;
1600345794937;0.00061;0.283906;7.672;5.172;3.319;0.041565;0.007935;0.004578;0.000305;0.000305;0.00061;0.006714;1.148;0.018921;0.00061;0.000305;0.000916;0.001221;0.001221;0.001221;0.002441;0.007324;0.002136;6.1e-05;0.000763;0.000366;6.1e-05;3.1e-05;0.000275;0.090332;0.612183;0.328674;1600345794;178;11000001 | 00010010 | 00000011 | 00000000 | ;3;0;0;0;2;255; 0a 30 68 3d 4b ff ff fe 5d 41 61 ff 5a 02 d9 fe 0f f9 f0 0a ea f9 0a 31 68 3d 42 ff f5 fe 74 41 54 ff 5c 02 d1 fe 0f f9 f0 0a ea f9 0a 32 68 3d 42 ff 10 ff 52 41 52 ff 4b 02 dd fe 0f f9 f0 0a ea f9 0a 33 68 3d 3c ff 10 ff 52 41 52 ff 4b 02 dc fe 0f f9 f0 0a ea f9 02 00 01 00 01 00 00 00 02 00 00 00 00 00 00 00 00 00 00 00 00 00 00 00 90 ff 02 20 01 00 00 00;
1600345799795;0.00061;0.28853;7.672;5.054;3.320;0.058716;0.008545;0.004578;0;0;0.00061;0.006714;1.158;0.018921;0.000916;0.000305;0.000916;0.001221;0.001221;0.001221;0.002441;0.007019;0.002136;6.1e-05;0.000793;0.000366;6.1e-05;3.1e-05;0.000275;0.090637;0.611877;0.328674;1600345799;178;11000001 | 00010010 | 00000011 | 00000000 | ;3;0;0;0;2;0; 54 68 69 73 20 69 73 20 62 65 61 63 6f 6e 00 00 00 00 00 00 00 00 00 00 00 00 00 00 00 00 00 00 00 00 00 00 00 00 00 00 00 00 00 00 00 00 00 00 00 00 00 00 00 00 00 00 00 00 00 00 00 00 00 00 00 00 00 00 00 00 00 00 00 00 00 00 00 00 00 00 00 00 00 00 00 00 00 00 00 00 00 00 00 00 00 00 00 00 00 00 00 00 00 00 00 00 00 00 00 00 00 00 00 00 00 00 00 00 00 00;
1600345800798;0.00061;0.284831;7.672;5.089;3.319;0.045166;0.007629;0.003967;0.000305;0.000305;0.00061;0.006714;1.171;0.018616;0.00061;0.000305;0.000916;0.001221;0.001221;0.001221;0.002441;0.007019;0.002136;6.1e-05;0.000763;0.000366;6.1e-05;6.1e-05;0.000244;0.091248;0.611877;0.324097;1600345800;178;11000001 | 00010010 | 00000011 | 00000000 | ;3;0;0;0;2;0; 54 68 69 73 20 69 73 20 62 65 61 63 6f 6e 00 00 00 00 00 00 00 00 00 00 00 00 00 00 00 00 00 00 00 00 00 00 00 00 00 00 00 00 00 00 00 00 00 00 00 00 00 00 00 00 00 00 00 00 00 00 00 00 00 00 00 00 00 00 00 00 00 00 00 00 00 00 00 00 00 00 00 00 00 00 00 00 00 00 00 00 00 00 00 00 00 00 00 00 00 00 00 00 00 00 00 00 00 00 00 00 00 00 00 00 00 00 00 00 00 00;
1600345801794;0.00061;0.283906;7.672;5.128;3.319;0.052155;0.00824;0.004578;0.000305;0;0.00061;0.006714;1.157;0.018921;0.00061;0.000305;0.000916;0.001221;0.001221;0.001221;0.002441;0.007324;0.001984;6.1e-05;0.000763;0.000366;6.1e-05;3.1e-05;0.000244;0.090332;0.612183;0.324097;1600345801;178;11000001 | 00010010 | 00000011 | 00000000 | ;3;0;0;0;2;0; 54 68 69 73 20 69 73 20 62 65 61 63 6f 6e 00 00 00 00 00 00 00 00 00 00 00 00 00 00 00 00 00 00 00 00 00 00 00 00 00 00 00 00 00 00 00 00 00 00 00 00 00 00 00 00 00 00 00 00 00 00 00 00 00 00 00 00 00 00 00 00 00 00 00 00 00 00 00 00 00 00 00 00 00 00 00 00 00 00 00 00 00 00 00 00 00 00 00 00 00 00 00 00 00 00 00 00 00 00 00 00 00 00 00 00 00 00 00 00 00 00;
1600345802802;0.00061;0.284831;7.672;5.208;3.320;0.050934;0.009155;0.004272;0.000305;0.000305;0.00061;0.007324;1.127;0.018921;0.00061;0.000305;0.000916;0.001221;0.001221;0.001221;0.002441;0.007324;0.002136;6.1e-05;0.000763;0.000366;6.1e-05;6.1e-05;0.000275;0.090332;0.611877;0.328674;1600345802;178;11000001 | 00010010 | 00000011 | 00000000 | ;3;0;0;0;2;0; 54 68 69 73 20 69 73 20 62 65 61 63 6f 6e 00 00 00 00 00 00 00 00 00 00 00 00 00 00 00 00 00 00 00 00 00 00 00 00 00 00 00 00 00 00 00 00 00 00 00 00 00 00 00 00 00 00 00 00 00 00 00 00 00 00 00 00 00 00 00 00 00 00 00 00 00 00 00 00 00 00 00 00 00 00 00 00 00 00 00 00 00 00 00 00 00 00 00 00 00 00 00 00 00 00 00 00 00 00 00 00 00 00 00 00 00 00 00 00 00 00;
1600345803798;0.00061;0.283906;7.669;5.240;3.319;0.042694;0.00824;0.003052;0.000305;0;0.00061;0.007324;1.140;0.018921;0.00061;0.000305;0.000916;0.001221;0.001221;0.00061;0.002441;0.007019;0.001984;6.1e-05;0.000763;0.000397;6.1e-05;6.1e-05;0.000275;0.090942;0.611877;0.323486;1600345803;178;11000001 | 00010010 | 00000011 | 00000000 | ;3;0;0;0;2;0; 54 68 69 73 20 69 73 20 62 65 61 63 6f 6e 00 00 00 00 00 00 00 00 00 00 00 00 00 00 00 00 00 00 00 00 00 00 00 00 00 00 00 00 00 00 00 00 00 00 00 00 00 00 00 00 00 00 00 00 00 00 00 00 00 00 00 00 00 00 00 00 00 00 00 00 00 00 00 00 00 00 00 00 00 00 00 00 00 00 00 00 00 00 00 00 00 00 00 00 00 00 00 00 00 00 00 00 00 00 00 00 00 00 00 00 00 00 00 00 00 00;
1600345826709;0.00061;0.285756;7.669;5.162;3.322;0.047882;0.007629;0.004272;0;0.000305;0.00061;0.006714;1.158;0.018921;0.00061;0.000305;0.000916;0.001221;0.001221;0.001221;0.002441;0.007019;0.002136;6.1e-05;0.000763;0.000366;6.1e-05;6.1e-05;0.000275;0.090637;0.611877;0.327759;1600345825;178;11000001 | 00010010 | 00000011 | 00000000 | ;3;0;0;0;2;0; 0a 30 68 3d 59 ff f5 fe 4b 41 4b ff 54 02 d2 fe 38 f9 14 0b e7 f9 0a 31 68 3d 4a ff f3 fe 5e 41 5c ff 59 02 db fe 38 f9 14 0b e7 f9 0a 32 68 3d 4a ff f3 fe 5b 41 57 ff 5d 02 df fe 38 f9 14 0b e7 f9 0a 33 68 3d 41 ff 07 ff 5b 41 57 ff 5d 02 df fe 38 f9 14 0b e7 f9 02 00 00 00 00 00 00 00 00 00 00 00 00 00 00 00 88 ff 02 20 01 00 00 00 10 01 00 00 00 00 00 00;
1600345829082;0.00061;0.283906;7.669;5.225;3.322;0.063629;0.00946;0.003052;0.000305;0.000305;0.00061;0.007629;1.119;0.018921;0.00061;0.000305;0.000916;0.001221;0.001221;0.001221;0.002441;0.007324;0.001984;6.1e-05;0.000763;0.000397;6.1e-05;3.1e-05;0.000275;0.090637;0.611877;0.324097;1600345828;178;11000001 | 00010010 | 00000011 | 00000000 | ;3;0;0;0;2;0; 0a 30 68 3d 49 ff f7 fe 5e 41 47 ff 45 02 dc fe 1b f9 ec 0a 7c fa 0a 31 68 3d 4a ff fc fe 5a 41 52 ff 54 02 e0 fe 1b f9 ec 0a 7c fa 0a 32 68 3d 4a ff fc fe 5a 41 56 ff 4e 02 dd fe 1b f9 ec 0a 7c fa 0a 33 68 3d 53 ff 03 ff 4c 41 56 ff 4e 02 dd fe 1b f9 ec 0a 7c fa 02 00 01 00 78 ff 02 20 a0 ff 02 20 f9 ff ff ff 3c 6c 00 20 e7 ff 02 20 00 00 00 00 3c 6c 00 20;
1600345830108;0.00061;0.284831;7.669;5.201;3.319;0.04184;0.00824;0.003052;0;0.000305;0.00061;0.007019;1.150;0.018921;0.00061;0.000305;0.000916;0.001221;0.001221;0.001221;0.002441;0.007019;0.001984;6.1e-05;0.000793;0.000397;6.1e-05;3.1e-05;0.000275;0.091248;0.611877;0.324402;1600345829;178;11000001 | 00010010 | 00000011 | 00000000 | ;3;0;0;0;2;0; 23 00 ff 00 03 ff 00 03 09 00 03 09 00 03 ff 00 03 ff 00 03 ff 00 03 ff 00 03 ff 00 03 09 00 03 09 00 03 fc 03 ff 00 03 09 00 03 09 00 03 ff 00 03 09 00 03 09 00 03 ff 00 03 ff 00 03 ff 00 03 ff 00 03 ff 00 03 ff 00 03 ff 00 03 ff 00 03 ff 00 03 ff 00 03 ff 00 03 ff 00 03 ff 00 03 ff 00 03 ff 00 03 ff 00 03 ff 00 03 ff 00 03 09 00 03 ff 00 03 ff 00 03 ff 00;
1600345832461;0.00061;0.283906;7.669;5.172;3.319;0.041443;0.007324;0.003967;0;0.000305;0.00061;0.006714;1.171;0.018616;0.00061;0.000305;0.001221;0.001221;0.001221;0.001221;0.003052;0.007019;0.002136;6.1e-05;0.000763;0.000366;6.1e-05;3.1e-05;0.000244;0.091248;0.611877;0.317993;1600345831;178;11000001 | 00010010 | 00000011 | 00000000 | ;3;0;0;0;2;0; 0a 30 68 3d 5a ff ea fe 21 41 48 ff 47 02 dd fe 22 f9 08 0b 50 fa 0a 31 68 3d 3a ff 08 ff 26 41 42 ff 4b 02 cf fe 22 f9 08 0b 50 fa 0a 32 68 3d 3f ff 03 ff 6e 41 3d ff 55 02 c6 fe 22 f9 08 0b 50 fa 0a 33 68 3d 3f ff f8 fe 6b 41 5a ff 62 02 cf fe 22 f9 08 0b 50 fa 02 00 00 00 00 00 00 00 00 00 00 00 00 00 00 00 88 ff 02 20 01 00 00 00 10 01 00 00 00 00 00 00;
1600345843023;0.00061;0.315348;7.659;5.208;3.319;0.041229;0.007019;0.004272;0;0;0.00061;0.006714;1.166;0.018616;0.00061;0.000305;0.000916;0.001221;0.001221;0.001221;0.002441;0.007019;0.002136;6.1e-05;0.000732;0.000366;6.1e-05;6.1e-05;0.000244;0.090942;0.611572;0.316467;1600345842;178;11000001 | 00010010 | 00000011 | 00000000 | ;3;0;0;0;2;0; 0a 30 68 3d 49 ff f9 fe 50 41 5c ff 4f 02 c9 fe 1e f9 32 0b 1b fa 0a 31 68 3d 4b ff f1 fe 3c 41 65 ff 5e 02 d6 fe 1e f9 32 0b 1b fa 0a 32 68 3d 47 ff fb fe 4e 41 50 ff 53 02 d0 fe 1e f9 32 0b 1b fa 0a 33 68 3d 47 ff fb fe 4e 41 4f ff 3e 02 cc fe 1e f9 32 0b 1b fa 02 00 00 00 00 00 00 00 00 00 00 00 00 00 00 00 88 ff 02 20 01 00 00 00 10 01 00 00 00 00 00 00;
1600345844029;0.00061;0.285756;7.669;5.161;3.319;0.042603;0.007629;0.004272;0.000305;0;0.00061;0.007019;1.163;0.019226;0.00061;0.000305;0.000916;0.001221;0.001221;0.001221;0.002441;0.007019;0.002136;6.1e-05;0.000732;0.000366;6.1e-05;6.1e-05;0.000275;0.090637;0.611572;0.316772;1600345843;178;11000001 | 00010010 | 00000011 | 00000000 | ;3;0;0;0;2;0; 0a 30 68 3d 42 ff dc fe 1d 41 3b ff 44 02 cf fe fa f8 1c 0b 51 fa 0a 31 68 3d 4b ff f2 fe 29 41 53 ff 44 02 c7 fe fa f8 1c 0b 51 fa 0a 32 68 3d 4b ff f3 fe 72 41 64 ff 4e 02 e4 fe fa f8 1c 0b 51 fa 0a 33 68 3d 2b ff f3 fe 72 41 64 ff 53 02 d4 fe fa f8 1c 0b 51 fa 02 00 00 00 00 00 00 00 00 00 00 00 00 00 00 00 88 ff 02 20 01 00 00 00 10 01 00 00 00 00 00 00;
1600345845035;0.00061;0.284831;7.669;5.190;3.320;0.062531;0.010071;0.004578;0.000305;0.000305;0.00061;0.007629;1.110;0.018921;0.00061;0.000305;0.001221;0.001221;0.001221;0.001221;0.002441;0.007019;0.001984;6.1e-05;0.000732;0.000366;6.1e-05;6.1e-05;0.000275;0.090637;0.611877;0.3302;1600345844;178;11000001 | 00010010 | 00000011 | 00000000 | ;3;0;0;0;2;0; 0a 30 68 3d 43 ff eb fe 33 41 53 ff 40 02 de fe 1a f9 29 0b d3 f9 0a 31 68 3d 2d ff ef fe 68 41 54 ff 4d 02 de fe 1a f9 29 0b d3 f9 0a 32 68 3d 2c ff f4 fe 66 41 4c ff 68 02 d2 fe 1a f9 29 0b d3 f9 0a 33 68 3d 2c ff f4 fe 66 41 4c ff 56 02 cd fe 1a f9 29 0b d3 f9 02 00 00 00 00 00 00 00 00 00 00 00 00 00 00 00 88 ff 02 20 01 00 00 00 10 01 00 00 00 00 00 00;
1600345846041;0.00061;0.285756;7.666;5.052;3.319;0.042053;0.007324;0.003662;0.000305;0.000305;0.00061;0.007019;1.169;0.019226;0.00061;0.000305;0.000916;0.001221;0.001221;0.001221;0.003052;0.007019;0.001984;6.1e-05;0.000763;0.000397;6.1e-05;6.1e-05;0.000275;0.091248;0.611267;0.330811;1600345845;178;11000001 | 00010010 | 00000011 | 00000000 | ;3;0;0;0;2;0; 0a 30 68 3d 55 ff fb fe 57 41 64 ff 48 02 d9 fe 2f f9 16 0b 84 fa 0a 31 68 3d 51 ff ed fe 54 41 60 ff 4a 02 d5 fe 2f f9 16 0b 84 fa 0a 32 68 3d 4d ff f5 fe 38 41 6a ff 4d 02 da fe 2f f9 16 0b 84 fa 0a 33 68 3d 4d ff f5 fe 38 41 65 ff 45 02 dd fe 2f f9 16 0b 84 fa 02 00 00 00 00 00 00 00 00 00 00 00 00 00 00 00 88 ff 02 20 01 00 00 00 10 01 00 00 00 00 00 00;
1600345904752;0.00061;0.263561;7.669;5.234;3.320;0.000153;0.008545;0.003967;0.000305;0.000305;0.00061;0.007629;1.118;0.018921;0.00061;0.000305;0.000916;0.001221;0.021362;0.001221;0.002441;0.007019;0.002136;6.1e-05;0.000763;0.000397;6.1e-05;3.1e-05;0.000275;0.090637;0.612183;0.329895;1600345903;178;11000001 | 00010010 | 00000011 | 00000000 | ;3;0;0;0;2;0; 0a 30 68 3d 2a ff f4 fe 48 41 4b ff 44 02 dd fe 33 f9 eb 0a 43 fa 0a 31 68 3d 37 ff ee fe 4d 41 4b ff 2c 02 e2 fe 33 f9 eb 0a 43 fa 0a 32 68 3d 37 ff ee fe 80 41 4c ff 54 02 d7 fe 33 f9 eb 0a 43 fa 0a 33 68 3d 43 ff ee fe 80 41 4c ff 54 02 d8 fe 33 f9 eb 0a 43 fa 02 00 01 00 01 00 00 00 02 00 00 00 00 00 00 00 00 00 00 00 00 00 00 00 90 ff 02 20 01 00 00 00;
1600345905750;0.00061;0.262636;7.669;5.198;3.320;0.000153;0.006714;0.004272;0.000305;0;0.00061;0.006714;1.168;0.018921;0.00061;0.000305;0.000916;0.00061;0.020752;0.001221;0.002441;0.007019;0.001984;6.1e-05;0.000763;0.000397;6.1e-05;6.1e-05;0.000275;0.090942;0.612183;0.328674;1600345904;178;11000001 | 00010010 | 00000011 | 00000000 | ;3;0;0;0;2;0; 0a 30 68 3d 4e ff ea fe 47 41 55 ff 51 02 d2 fe 53 f9 f6 0a 9e fa 0a 31 68 3d 37 ff f4 fe 68 41 55 ff 51 02 d2 fe 53 f9 f6 0a 9e fa 0a 32 68 3d 4a ff ec fe 70 41 4b ff 50 02 cb fe 53 f9 f6 0a 9e fa 0a 33 68 3d 3a ff f8 fe 51 41 4a ff 5d 02 c0 fe 53 f9 f6 0a 9e fa 02 00 00 00 00 00 00 00 00 00 00 00 00 00 00 00 88 ff 02 20 01 00 00 00 10 01 00 00 00 00 00 00;
1600345906757;0.00061;0.262636;7.672;5.073;3.320;0.000153;0.007324;0.004272;0.000305;0;0.00061;0.007019;1.148;0.018921;0.00061;0.000305;0.000916;0.001221;0.019531;0.00061;0.002441;0.007324;0.001984;6.1e-05;0.000763;0.000397;6.1e-05;6.1e-05;0.000275;0.090332;0.611572;0.325623;1600345905;178;11000001 | 00010010 | 00000011 | 00000000 | ;3;0;0;0;2;0; 0a 30 68 3d 39 ff ee fe 67 41 4b ff 56 02 d3 fe 42 f9 ec 0a 29 fa 0a 31 68 3d 40 ff ee fe 67 41 4b ff 56 02 d4 fe 42 f9 ec 0a 29 fa 0a 32 68 3d 48 ff df fe 64 41 4d ff 56 02 d4 fe 42 f9 ec 0a 29 fa 0a 33 68 3d 3e ff f7 fe 50 41 53 ff 4e 02 de fe 42 f9 ec 0a 29 fa 02 00 00 00 00 00 00 00 00 00 00 00 00 00 00 00 88 ff 02 20 01 00 00 00 10 01 00 00 00 00 00 00;
1600345907751;0.00061;0.262636;7.669;5.182;3.319;0.000153;0.006714;0.003967;0.000305;0;0.00061;0.006409;1.171;0.019226;0.00061;0.000305;0.000916;0.001221;0.020752;0.001221;0.002441;0.007019;0.001984;6.1e-05;0.000732;0.000366;6.1e-05;3.1e-05;0.000275;0.091248;0.612183;0.329895;1600345906;178;11000001 | 00010010 | 00000011 | 00000000 | ;3;0;0;0;2;0; 0a 30 68 3d 54 ff f9 fe 82 41 44 ff 63 02 bc fe 51 f9 e1 0a 53 fa 0a 31 68 3d 52 ff ea fe 2a 41 44 ff 63 02 bc fe 51 f9 e1 0a 53 fa 0a 32 68 3d 54 ff ef fe 54 41 4d ff 6d 02 d1 fe 51 f9 e1 0a 53 fa 0a 33 68 3d 3e ff ed fe 7c 41 40 ff 56 02 cd fe 51 f9 e1 0a 53 fa 02 00 00 00 00 00 00 00 00 00 00 00 00 00 00 00 88 ff 02 20 01 00 00 00 10 01 00 00 00 00 00 00;
1600345908755;0.00061;0.264486;7.669;5.143;3.320;0.000153;0.00824;0.004578;0.000305;0.000305;0.00061;0.007324;1.126;0.018921;0.00061;0.000305;0.000916;0.001221;0.021362;0.001221;0.002441;0.007019;0.001984;6.1e-05;0.000793;0.000397;6.1e-05;6.1e-05;0.000275;0.090332;0.612183;0.329895;1600345907;178;11000001 | 00010010 | 00000011 | 00000000 | ;3;0;0;0;2;0; 0a 30 68 3d 2e ff fc fe 48 41 53 ff 4c 02 e0 fe 3a f9 f1 0a 52 fa 0a 31 68 3d 43 ff f4 fe 4b 41 50 ff 47 02 d7 fe 3a f9 f1 0a 52 fa 0a 32 68 3d 43 ff f4 fe 75 41 48 ff 53 02 c9 fe 3a f9 f1 0a 52 fa 0a 33 68 3d 48 ff e4 fe 75 41 48 ff 53 02 d1 fe 3a f9 f1 0a 52 fa 02 00 00 00 00 00 00 00 00 00 00 00 00 00 00 00 88 ff 02 20 01 00 00 00 10 01 00 00 00 00 00 00;
1600345909748;0.00061;0.263561;7.669;5.240;3.320;0.000153;0.006714;0.004272;0.000305;0;0.00061;0.006714;1.168;0.018921;0.00061;0.000305;0.000916;0.001221;0.020752;0.001221;0.002441;0.007324;0.001984;6.1e-05;0.000763;0.000397;6.1e-05;3.1e-05;0.000275;0.090942;0.612183;0.330505;1600345908;178;11000001 | 00010010 | 00000011 | 00000000 | ;3;0;0;0;2;0; 0a 30 68 3d 38 ff f5 fe 5f 41 50 ff 4c 02 d7 fe 45 f9 e0 0a 1b fa 0a 31 68 3d 4a ff f4 fe 66 41 61 ff 56 02 d8 fe 5a f9 ee 0a 1b fa 0a 32 68 3d 4a ff f4 fe 72 41 4f ff 54 02 de fe 5a f9 ee 0a 1b fa 0a 33 68 3d 43 ff 04 ff 72 41 4f ff 54 02 de fe 5a f9 ee 0a 1b fa 02 00 00 00 00 00 00 00 00 00 00 00 00 00 00 00 88 ff 02 20 01 00 00 00 10 01 00 00 00 00 00 00;
1600345910753;0.00061;0.262636;7.669;5.185;3.320;0.000153;0.008545;0.003967;0.000305;0.000305;0.00061;0.007324;1.118;0.018921;0.00061;0.000305;0.000916;0.001221;0.021362;0.001221;0.002441;0.007019;0.001984;6.1e-05;0.000763;0.000366;6.1e-05;3.1e-05;0.000275;0.090637;0.612183;0.3302;1600345909;178;11000001 | 00010010 | 00000011 | 00000000 | ;3;0;0;0;2;0; 0a 30 68 3d 37 ff f3 fe 6a 41 4c ff 61 02 bb fe 59 f9 0e 0b 46 fa 0a 31 68 3d 5b ff e9 fe 48 41 4c ff 61 02 bb fe 2d f9 fe 0a 59 fa 0a 32 68 3d 47 ff df fe 58 41 49 ff 60 02 c9 fe 2d f9 fe 0a 59 fa 0a 33 68 3d 43 ff f6 fe 66 41 46 ff 4c 02 db fe 2d f9 fe 0a 59 fa 02 00 01 00 00 00 00 40 a0 ff 01 00 00 00 00 40 3c 6c 00 20 88 ff 02 20 b0 ff 02 20 f9 ff ff ff;
1600345911758;0.00061;0.262636;7.672;5.127;3.320;0.000153;0.006714;0.004578;0.000305;0.000305;0.00061;0.006714;1.169;0.018616;0.00061;0.000305;0.000916;0.001221;0.020752;0.001221;0.002441;0.007324;0.001984;6.1e-05;0.000763;0.000397;6.1e-05;3.1e-05;0.000275;0.091248;0.612183;0.324707;1600345910;178;11000001 | 00010010 | 00000011 | 00000000 | ;3;0;0;0;2;0; 0a 30 68 3d 3a ff fa fe 60 41 52 ff 4a 02 d1 fe 46 f9 f7 0a 43 fa 0a 31 68 3d 3d ff f6 fe 42 41 50 ff 57 02 d5 fe 46 f9 f7 0a 43 fa 0a 32 68 3d 3d ff f6 fe 45 41 6a ff 59 02 d5 fe 5b f9 14 0b 2b fa 0a 33 68 3d 5c ff f6 fe 45 41 6a ff 46 02 d5 fe 5b f9 14 0b 2b fa 02 00 00 00 00 00 00 00 00 00 00 00 00 00 00 00 88 ff 02 20 01 00 00 00 10 01 00 00 00 00 00 00;
1600345912752;0.00061;0.285756;7.662;5.191;3.319;0.044769;0.00946;0.003357;0;0.000305;0.00061;0.007935;1.113;0.018921;0.00061;0.000305;0.000916;0.001221;0.001221;0.001221;0.002441;0.007019;0.001984;6.1e-05;0.000763;0.000397;6.1e-05;6.1e-05;0.000275;0.090637;0.610962;0.325623;1600345911;178;11000001 | 00010010 | 00000011 | 00000000 | ;3;0;0;0;2;0; 0a 30 68 3d 55 ff f0 fe 5f 41 44 ff 4f 02 d3 fe 4f f9 21 0b 1e fa 0a 31 68 3d 52 ff fd fe 58 41 52 ff 42 02 d6 fe 4f f9 21 0b 1e fa 0a 32 68 3d 52 ff fd fe 58 41 5a ff 5e 02 d5 fe 4f f9 21 0b 1e fa 0a 33 68 3d 45 ff 0b ff 5a 41 5a ff 5e 02 d5 fe 4f f9 21 0b 1e fa 00 00 00 00 a0 ff 02 20 00 00 00 00 f9 ff ff ff 90 6b 00 20 e7 ff 02 20 04 00 00 00 e7 ff 02 20;
1600345913755;0.00061;0.283906;7.662;5.094;3.320;0.05896;0.008545;0.004272;0.000305;0.000305;0.00061;0.006714;1.163;0.018616;0.00061;0.000305;0.000916;0.001221;0.001221;0.001221;0.002441;0.007019;0.002136;6.1e-05;0.000763;0.000366;6.1e-05;6.1e-05;0.000275;0.090637;0.611267;0.326538;1600345912;178;11000001 | 00010010 | 00000011 | 00000000 | ;3;0;0;0;2;0; 0a 30 68 3d 54 ff f4 fe 55 41 4e ff 51 02 d4 fe 1e f9 0c 0b 03 fa 0a 31 68 3d 4c ff fb fe 48 41 4e ff 51 02 d4 fe 1e f9 0c 0b 03 fa 0a 32 68 3d 4f ff 07 ff 60 41 49 ff 47 02 e4 fe 1e f9 0c 0b 03 fa 0a 33 68 3d 52 ff f8 fe 74 41 42 ff 58 02 e6 fe 1e f9 0c 0b 03 fa 02 00 01 00 00 00 00 40 a0 ff 01 00 00 00 00 40 3c 6c 00 20 88 ff 02 20 b0 ff 02 20 f9 ff ff ff;
1600345914749;0.00061;0.28668;7.662;5.153;3.319;0.044678;0.00824;0.003357;0;0.000305;0.00061;0.007324;1.145;0.019226;0.00061;0.000305;0.000916;0.00061;0.001221;0.001221;0.002441;0.007019;0.001984;6.1e-05;0.000732;0.000397;6.1e-05;3.1e-05;0.000275;0.090942;0.610962;0.329285;1600345913;178;11000001 | 00010010 | 00000011 | 00000000 | ;3;0;0;0;2;0; 0a 30 68 3d 5a ff ee fe 53 41 48 ff 4a 02 ce fe 41 f9 f0 0a 4c fa 0a 31 68 3d 4a ff f3 fe 46 41 4e ff 5e 02 da fe 41 f9 f0 0a 4c fa 0a 32 68 3d 53 ff f6 fe 4e 41 4e ff 5a 02 e0 fe 41 f9 f0 0a 4c fa 0a 33 68 3d 41 ff e9 fe 58 41 4b ff 56 02 d4 fe 41 f9 f0 0a 4c fa 02 00 00 00 00 00 00 00 00 00 00 00 00 00 00 00 88 ff 02 20 01 00 00 00 10 01 00 00 00 00 00 00;
1600345915754;0.00061;0.28668;7.662;5.063;3.319;0.040924;0.007629;0.004272;0.000305;0.000305;0.00061;0.006714;1.155;0.019531;0.00061;0.000305;0.000916;0.001221;0.001221;0.001221;0.002441;0.007019;0.001984;6.1e-05;0.000763;0.000397;6.1e-05;3.1e-05;0.000275;0.090332;0.610046;0.329895;1600345914;178;11000001 | 00010010 | 00000011 | 00000000 | ;3;0;0;0;2;0; 0a 30 68 3d 44 ff f9 fe 6b 41 40 ff 4e 02 ce fe 56 f9 21 0b ea f9 0a 31 68 3d 52 ff fe fe 32 41 41 ff 47 02 d9 fe 56 f9 21 0b ea f9 0a 32 68 3d 52 ff fe fe 32 41 41 ff 49 02 d1 fe 56 f9 21 0b ea f9 0a 33 68 3d 5e ff f3 fe 44 41 40 ff 49 02 d1 fe 56 f9 21 0b ea f9 98 ff 01 00 00 00 00 40 a0 ff 01 00 00 00 00 40 3c 6c 00 20 88 ff 02 20 b0 ff 02 20 f9 ff ff ff;
1600345966949;0.00061;0.285756;7.656;5.224;3.320;0.062439;0.00824;0.004272;0;0.000305;0.00061;0.006714;1.161;0.018616;0.00061;0.000305;0.000916;0.001221;0.001221;0.001221;0.002441;0.007324;0.001984;6.1e-05;0.000732;0.000397;6.1e-05;6.1e-05;0.000275;0.090637;0.610657;0.324707;1600345966;178;11000001 | 00010010 | 00000011 | 00000000 | ;3;0;0;0;2;0; 54 68 69 73 20 69 73 20 62 65 61 63 6f 6e 00 00 00 00 00 00 00 00 00 00 00 00 00 00 00 00 00 00 00 00 00 00 00 00 00 00 00 00 00 00 00 00 00 00 00 00 00 00 00 00 00 00 00 00 00 00 00 00 00 00 00 00 00 00 00 00 00 00 00 00 00 00 00 00 00 00 00 00 00 00 00 00 00 00 00 00 00 00 00 00 00 00 00 00 00 00 00 00 00 00 00 00 00 00 00 00 00 00 00 00 00 00 00 00 00 00;
1600345970171;0.00061;0.28668;7.656;5.094;3.320;0.053955;0.007324;0.003967;0.000305;0.000305;0.00061;0.006409;1.173;0.018921;0.00061;0.000305;0.000916;0.001221;0.001221;0.001221;0.002441;0.007019;0.001984;6.1e-05;0.000763;0.000397;6.1e-05;3.1e-05;0.000275;0.091248;0.610657;0.32959;1600345969;178;11000001 | 00010010 | 00000011 | 00000000 | ;3;0;0;0;2;0; 54 68 69 73 20 69 73 20 62 65 61 63 6f 6e 00 00 00 00 00 00 00 00 00 00 00 00 00 00 00 00 00 00 00 00 00 00 00 00 00 00 00 00 00 00 00 00 00 00 00 00 00 00 00 00 00 00 00 00 00 00 00 00 00 00 00 00 00 00 00 00 00 00 00 00 00 00 00 00 00 00 00 00 00 00 00 00 00 00 00 00 00 00 00 00 00 00 00 00 00 00 00 00 00 00 00 00 00 00 00 00 00 00 00 00 00 00 00 00 00 00;
1600345979884;0.00061;0.303326;7.652;5.138;3.322;0.057281;0.00885;0.003052;0.000305;0.000305;0.00061;0.007324;1.139;0.019531;0.00061;0.000305;0.000916;0.001221;0.002441;0.001221;0.002441;0.007019;0.001984;6.1e-05;0.000763;0.000366;3.1e-05;6.1e-05;0.000275;0.090942;0.610352;0.328064;1600345979;178;11000001 | 00010010 | 00000011 | 00000000 | ;3;0;0;0;2;0; 54 68 69 73 20 69 73 20 62 65 61 63 6f 6e 00 00 00 00 00 00 00 00 00 00 00 00 00 00 00 00 00 00 00 00 00 00 00 00 00 00 00 00 00 00 00 00 00 00 00 00 00 00 00 00 00 00 00 00 00 00 00 00 00 00 00 00 00 00 00 00 00 00 00 00 00 00 00 00 00 00 00 00 00 00 00 00 00 00 00 00 00 00 00 00 00 00 00 00 00 00 00 00 00 00 00 00 00 00 00 00 00 00 00 00 00 00 00 00 00 00;
1600345982696;0.00061;0.285756;7.656;5.080;3.320;0.062714;0.010071;0.003357;0.000305;0.000305;0.00061;0.007629;1.108;0.018921;0.00061;0.000305;0.000916;0.001221;0.001221;0.001221;0.002441;0.007019;0.001984;6.1e-05;0.000763;0.000366;6.1e-05;3.1e-05;0.000275;0.090637;0.610657;0.329285;1600345981;178;11000001 | 00010010 | 00000011 | 00000000 | ;3;0;0;0;2;0; 54 68 69 73 20 69 73 20 62 65 61 63 6f 6e 00 00 00 00 00 00 00 00 00 00 00 00 00 00 00 00 00 00 00 00 00 00 00 00 00 00 00 00 00 00 00 00 00 00 00 00 00 00 00 00 00 00 00 00 00 00 00 00 00 00 00 00 00 00 00 00 00 00 00 00 00 00 00 00 00 00 00 00 00 00 00 00 00 00 00 00 00 00 00 00 00 00 00 00 00 00 00 00 00 00 00 00 00 00 00 00 00 00 00 00 00 00 00 00 00 00;
1600345984778;0.00061;0.285756;7.656;5.214;3.322;0.057861;0.009155;0.004272;0.000305;0;0.00061;0.007324;1.127;0.018921;0.00061;0.000305;0.000916;0.001221;0.001221;0.001221;0.002441;0.007019;0.002136;6.1e-05;0.000763;0.000366;6.1e-05;6.1e-05;0.000275;0.090332;0.610657;0.325317;1600345984;178;11000001 | 00010010 | 00000011 | 00000000 | ;3;0;0;0;2;0; 54 68 69 73 20 69 73 20 62 65 61 63 6f 6e 00 00 00 00 00 00 00 00 00 00 00 00 00 00 00 00 00 00 00 00 00 00 00 00 00 00 00 00 00 00 00 00 00 00 00 00 00 00 00 00 00 00 00 00 00 00 00 00 00 00 00 00 00 00 00 00 00 00 00 00 00 00 00 00 00 00 00 00 00 00 00 00 00 00 00 00 00 00 00 00 00 00 00 00 00 00 00 00 00 00 00 00 00 00 00 00 00 00 00 00 00 00 00 00 00 00;
1600345990359;0.00061;0.285756;7.652;5.238;3.322;0.05603;0.00885;0.004578;0;0;0.00061;0.007019;1.142;0.019226;0.00061;0.000305;0.000916;0.001221;0.001221;0.00061;0.002441;0.007019;0.002136;6.1e-05;0.000732;0.000397;6.1e-05;3.1e-05;0.000244;0.090332;0.610352;0.328369;1600345989;178;11000001 | 00010010 | 00000011 | 00000000 | ;3;0;0;0;2;0; 54 68 69 73 20 69 73 20 62 65 61 63 6f 6e 00 00 00 00 00 00 00 00 00 00 00 00 00 00 00 00 00 00 00 00 00 00 00 00 00 00 00 00 00 00 00 00 00 00 00 00 00 00 00 00 00 00 00 00 00 00 00 00 00 00 00 00 00 00 00 00 00 00 00 00 00 00 00 00 00 00 00 00 00 00 00 00 00 00 00 00 00 00 00 00 00 00 00 00 00 00 00 00 00 00 00 00 00 00 00 00 00 00 00 00 00 00 00 00 00 00;
1600345991598;0.00061;0.283906;7.656;5.164;3.319;0.047516;0.009766;0.004578;0;0.000305;0.00061;0.007629;1.110;0.018616;0.00061;0.000305;0.001221;0.001221;0.001221;0.001221;0.002441;0.007019;0.001984;6.1e-05;0.000732;0.000366;3.1e-05;3.1e-05;0.000275;0.090637;0.610657;0.324402;1600345990;178;11000001 | 00010010 | 00000011 | 00000000 | ;3;0;0;0;2;0; 54 68 69 73 20 69 73 20 62 65 61 63 6f 6e 00 00 00 00 00 00 00 00 00 00 00 00 00 00 00 00 00 00 00 00 00 00 00 00 00 00 00 00 00 00 00 00 00 00 00 00 00 00 00 00 00 00 00 00 00 00 00 00 00 00 00 00 00 00 00 00 00 00 00 00 00 00 00 00 00 00 00 00 00 00 00 00 00 00 00 00 00 00 00 00 00 00 00 00 00 00 00 00 00 00 00 00 00 00 00 00 00 00 00 00 00 00 00 00 00 00;
1600345992430;0.00061;0.259862;7.662;5.170;3.319;0.041809;0.008545;0.004578;0.000305;0.000305;0.00061;0.007324;1.134;0.013428;0.00061;0.000305;0.000916;0.001221;0.001221;0.001221;0.002441;0.007019;0.001984;6.1e-05;0.000732;0.000366;6.1e-05;3.1e-05;0.000275;0.090332;0.611877;0.204163;1600345991;178;11000001 | 00010010 | 00000011 | 00000000 | ;3;0;0;0;2;0; 54 68 69 73 20 69 73 20 62 65 61 63 6f 6e 00 00 00 00 00 00 00 00 00 00 00 00 00 00 00 00 00 00 00 00 00 00 00 00 00 00 00 00 00 00 00 00 00 00 00 00 00 00 00 00 00 00 00 00 00 00 00 00 00 00 00 00 00 00 00 00 00 00 00 00 00 00 00 00 00 00 00 00 00 00 00 00 00 00 00 00 00 00 00 00 00 00 00 00 00 00 00 00 00 00 00 00 00 00 00 00 00 00 00 00 00 00 00 00 00 00;
1600345998823;0.00061;0.28668;7.649;5.242;3.319;0.042999;0.007629;0.004272;0.000305;0.000305;0.00061;0.006714;1.158;0.018921;0.00061;0.000305;0.000916;0.001221;0.001221;0.00061;0.002441;0.007019;0.001984;6.1e-05;0.000732;0.000366;6.1e-05;3.1e-05;0.000275;0.090637;0.610352;0.324402;1600345998;178;11000001 | 00010010 | 00000011 | 00000000 | ;3;0;0;0;2;0; 54 68 69 73 20 69 73 20 62 65 61 63 6f 6e 00 00 00 00 00 00 00 00 00 00 00 00 00 00 00 00 00 00 00 00 00 00 00 00 00 00 00 00 00 00 00 00 00 00 00 00 00 00 00 00 00 00 00 00 00 00 00 00 00 00 00 00 00 00 00 00 00 00 00 00 00 00 00 00 00 00 00 00 00 00 00 00 00 00 00 00 00 00 00 00 00 00 00 00 00 00 00 00 00 00 00 00 00 00 00 00 00 00 00 00 00 00 00 00 00 00;
1600346000256;0.00061;0.28668;7.652;5.157;3.319;0.045349;0.007629;0.003967;0.000305;0.000305;0.00061;0.006714;1.168;0.018921;0.00061;0.000305;0.000916;0.001221;0.001221;0.001221;0.002441;0.007019;0.001984;6.1e-05;0.000763;0.000366;6.1e-05;6.1e-05;0.000275;0.091248;0.610352;0.328369;1600345999;178;11000001 | 00010010 | 00000011 | 00000000 | ;3;0;0;0;2;0; 2d 2d 2d 2d 2d 2d 2d 2d 2d 2d 2d 2d 2d 2d 2d 2d 2d 2d 2d 2d 2d 2d 2d 2d 2d 2d 2d 2d 2d 2d 2d 2d 2d 2d 2d 2d 2d 2d 2d 2d 2d 2d 2d 2d 2d 2d 2d 2d 2d 2d 2d 2d 2d 2d 2d 2d 2d 2d 2d 2d 2d 2d 2d 2d 2d 2d 2d 2d 2d 2d 2d 2d 2d 2d 2d 2d 2d 2d 2d 2d 2d 2d 2d 2d 2d 2d 2d 2d 2d 2d 2d 2d 2d 2d 2d 2d 2d 2d 2d 2d 2d 2d 2d 2d 2d 2d 2d 2d 2d 2d 2d 2d 2d 2d 2d 2d 2d 2d 2d 2d;
1600346001329;0.00061;0.284831;7.652;5.057;3.320;0.054596;0.00946;0.003357;0.000305;0.000305;0.00061;0.007629;1.119;0.019226;0.00061;0.000305;0.000916;0.001221;0.001221;0.001221;0.002441;0.007019;0.002136;6.1e-05;0.000732;0.000397;6.1e-05;6.1e-05;0.000275;0.090637;0.610046;0.327759;1600346000;178;11000001 | 00010010 | 00000011 | 00000000 | ;3;0;0;0;2;0; 2d 2d 2d 2d 2d 2d 2d 2d 2d 2d 2d 2d 2d 2d 2d 2d 2d 2d 2d 2d 2d 2d 2d 2d 2d 2d 2d 2d 2d 2d 2d 2d 2d 2d 2d 2d 2d 2d 2d 2d 2d 2d 2d 2d 2d 2d 2d 2d 2d 2d 2d 2d 2d 2d 2d 2d 2d 2d 2d 2d 2d 2d 2d 2d 2d 2d 2d 2d 2d 2d 2d 2d 2d 2d 2d 2d 2d 2d 2d 2d 2d 2d 2d 2d 2d 2d 2d 2d 2d 2d 2d 2d 2d 2d 2d 2d 2d 2d 2d 2d 2d 2d 2d 2d 2d 2d 2d 2d 2d 2d 2d 2d 2d 2d 2d 2d 2d 2d 2d 2d;
1600347680310;0.544434;0.234893;8.033;5.255;3.322;0.062042;0.006409;0.004272;0;0;0.00061;0.007324;1.051;0.019226;0.000305;0.00061;0.000916;0.001221;0.001221;0.001221;0.003052;0.007019;0.001984;6.1e-05;0.000732;0.000366;6.1e-05;0;0.000275;0.361633;0.782776;0.32959;1600347679;178;11000001 | 00010010 | 00000011 | 00000000 | ;3;0;0;0;2;0; 54 68 69 73 20 69 73 20 62 65 61 63 6f 6e 00 00 00 00 00 00 00 00 00 00 00 00 00 00 00 00 00 00 00 00 00 00 00 00 00 00 00 00 00 00 00 00 00 00 00 00 00 00 00 00 00 00 00 00 00 00 00 00 00 00 00 00 00 00 00 00 00 00 00 00 00 00 00 00 00 00 00 00 00 00 00 00 00 00 00 00 00 00 00 00 00 00 00 00 00 00 00 00 00 00 00 00 00 00 00 00 00 00 00 00 00 00 00 00 00 00;
1600347681974;0.543213;0.232119;8.037;5.177;3.323;0.06308;0.004883;0.003662;0;0.000305;0.00061;0.006714;1.077;0.018311;0.000305;0.00061;0.000916;0.001221;0.001221;0.001221;0.002441;0.007324;0.001984;9.2e-05;0.000763;0.000366;6.1e-05;3.1e-05;0.000275;0.361633;0.783691;0.307617;1600347681;178;11000001 | 00010010 | 00000011 | 00000000 | ;3;0;0;0;2;0; 54 68 69 73 20 69 73 20 62 65 61 63 6f 6e 00 00 00 00 00 00 00 00 00 00 00 00 00 00 00 00 00 00 00 00 00 00 00 00 00 00 00 00 00 00 00 00 00 00 00 00 00 00 00 00 00 00 00 00 00 00 00 00 00 00 00 00 00 00 00 00 00 00 00 00 00 00 00 00 00 00 00 00 00 00 00 00 00 00 00 00 00 00 00 00 00 00 00 00 00 00 00 00 00 00 00 00 00 00 00 00 00 00 00 00 00 00 00 00 00 00;
1600347690365;0.00061;0.284831;7.794;5.238;3.319;0.042816;0.007019;0.003967;0.000305;0;0.00061;0.006714;1.171;0.019226;0.00061;0.000305;0.000916;0.001221;0.001221;0.001221;0.003052;0.007019;0.001984;6.1e-05;0.000763;0.000366;6.1e-05;3.1e-05;0.000244;0.091858;0.622864;0.328979;1600347689;178;11000001 | 00010010 | 00000011 | 00000000 | ;3;0;0;0;2;0; 54 68 69 73 20 69 73 20 62 65 61 63 6f 6e 00 00 00 00 00 00 00 00 00 00 00 00 00 00 00 00 00 00 00 00 00 00 00 00 00 00 00 00 00 00 00 00 00 00 00 00 00 00 00 00 00 00 00 00 00 00 00 00 00 00 00 00 00 00 00 00 00 00 00 00 00 00 00 00 00 00 00 00 00 00 00 00 00 00 00 00 00 00 00 00 00 00 00 00 00 00 00 00 00 00 00 00 00 00 00 00 00 00 00 00 00 00 00 00 00 00;
1600347692294;0.00061;0.294078;7.787;5.224;3.319;0.041321;0.007324;0.004578;0.000305;0.000305;0.00061;0.006714;1.168;0.018921;0.00061;0.000305;0.000916;0.001221;0.001221;0.001221;0.003052;0.007324;0.001984;6.1e-05;0.000763;0.000397;6.1e-05;3.1e-05;0.000244;0.091553;0.622559;0.323181;1600347691;178;11000001 | 00010010 | 00000011 | 00000000 | ;3;0;0;0;2;0; 54 68 69 73 20 69 73 20 62 65 61 63 6f 6e 00 00 00 00 00 00 00 00 00 00 00 00 00 00 00 00 00 00 00 00 00 00 00 00 00 00 00 00 00 00 00 00 00 00 00 00 00 00 00 00 00 00 00 00 00 00 00 00 00 00 00 00 00 00 00 00 00 00 00 00 00 00 00 00 00 00 00 00 00 00 00 00 00 00 00 00 00 00 00 00 00 00 00 00 00 00 00 00 00 00 00 00 00 00 00 00 00 00 00 00 00 00 00 00 00 00;
1600347705056;0.00061;0.280207;7.784;5.122;3.320;0.054749;0.00885;0.003052;0.000305;0.000305;0.00061;0.007324;1.124;0.019226;0.00061;0.000305;0.000916;0.001221;0.001221;0.001221;0.002441;0.007019;0.001984;6.1e-05;0.000732;0.000366;6.1e-05;3.1e-05;0.000275;0.091248;0.621338;0.3302;1600347704;178;11000001 | 00010010 | 00000011 | 00000000 | ;3;0;0;0;2;0; 54 68 69 73 20 69 73 20 62 65 61 63 6f 6e 00 00 00 00 00 00 00 00 00 00 00 00 00 00 00 00 00 00 00 00 00 00 00 00 00 00 00 00 00 00 00 00 00 00 00 00 00 00 00 00 00 00 00 00 00 00 00 00 00 00 00 00 00 00 00 00 00 00 00 00 00 00 00 00 00 00 00 00 00 00 00 00 00 00 00 00 00 00 00 00 00 00 00 00 00 00 00 00 00 00 00 00 00 00 00 00 00 00 00 00 00 00 00 00 00 00;
1600347706578;0.00061;0.282056;7.780;5.170;3.320;0.043884;0.00824;0.004578;0.000305;0.000305;0.00061;0.007019;1.135;0.018921;0.00061;0.000305;0.000916;0.001221;0.001221;0.001221;0.003052;0.007019;0.001984;6.1e-05;0.000793;0.000366;6.1e-05;3.1e-05;0.000275;0.090637;0.621338;0.324097;1600347705;178;11000001 | 00010010 | 00000011 | 00000000 | ;3;0;0;0;2;0; 54 68 69 73 20 69 73 20 62 65 61 63 6f 6e 00 00 00 00 00 00 00 00 00 00 00 00 00 00 00 00 00 00 00 00 00 00 00 00 00 00 00 00 00 00 00 00 00 00 00 00 00 00 00 00 00 00 00 00 00 00 00 00 00 00 00 00 00 00 00 00 00 00 00 00 00 00 00 00 00 00 00 00 00 00 00 00 00 00 00 00 00 00 00 00 00 00 00 00 00 00 00 00 00 00 00 00 00 00 00 00 00 00 00 00 00 00 00 00 00 00;
1600347724066;0.00061;0.293154;7.760;5.229;3.322;0.059143;0.00885;0.004578;0.000305;0;0.00061;0.007324;1.134;0.019226;0.00061;0.000305;0.000916;0.001221;0.001221;0.001221;0.003052;0.007019;0.001984;9.2e-05;0.000732;0.000366;6.1e-05;3.1e-05;0.000275;0.090332;0.620117;0.328674;1600347723;178;10000001 | 00010010 | 00000011 | 00000000 | ;3;0;0;0;2;0; 54 68 69 73 20 69 73 20 62 65 61 63 6f 6e 00 00 00 00 00 00 00 00 00 00 00 00 00 00 00 00 00 00 00 00 00 00 00 00 00 00 00 00 00 00 00 00 00 00 00 00 00 00 00 00 00 00 00 00 00 00 00 00 00 00 00 00 00 00 00 00 00 00 00 00 00 00 00 00 00 00 00 00 00 00 00 00 00 00 00 00 00 00 00 00 00 00 00 00 00 00 00 00 00 00 00 00 00 00 00 00 00 00 00 00 00 00 00 00 00 00;
1600347726499;0.00061;0.282981;7.770;5.175;3.322;0.05777;0.007935;0.004272;0.000305;0;0.00061;0.006409;1.161;0.018921;0.00061;0.000305;0.000916;0.001221;0.001221;0.001221;0.003052;0.007019;0.002136;6.1e-05;0.000763;0.000366;6.1e-05;3.1e-05;0.000275;0.090942;0.620117;0.329285;1600347725;178;00000001 | 00010010 | 00000011 | 00000000 | ;3;0;0;0;2;0; 54 68 69 73 20 69 73 20 62 65 61 63 6f 6e 00 00 00 00 00 00 00 00 00 00 00 00 00 00 00 00 00 00 00 00 00 00 00 00 00 00 00 00 00 00 00 00 00 00 00 00 00 00 00 00 00 00 00 00 00 00 00 00 00 00 00 00 00 00 00 00 00 00 00 00 00 00 00 00 00 00 00 00 00 00 00 00 00 00 00 00 00 00 00 00 00 00 00 00 00 00 00 00 00 00 00 00 00 00 00 00 00 00 00 00 00 00 00 00 00 00;
1600347730041;0.00061;0.485507;7.689;5.120;3.319;0.040497;0.007019;0.003662;0.000305;0.000305;0.00061;0.006714;1.171;0.018921;0.00061;0.000305;0.000916;0.001221;0.001221;0.001221;0.200806;0.007324;0.002136;6.1e-05;0.000763;0.000366;6.1e-05;3.1e-05;0.000244;0.091553;0.611267;0.328979;1600347729;178;00000001 | 00010010 | 00000011 | 00000000 | ;3;0;0;0;2;0; 54 68 69 73 20 69 73 20 62 65 61 63 6f 6e 00 00 00 00 00 00 00 00 00 00 00 00 00 00 00 00 00 00 00 00 00 00 00 00 00 00 00 00 00 00 00 00 00 00 00 00 00 00 00 00 00 00 00 00 00 00 00 00 00 00 00 00 00 00 00 00 00 00 00 00 00 00 00 00 00 00 00 00 00 00 00 00 00 00 00 00 00 00 00 00 00 00 00 00 00 00 00 00 00 00 00 00 00 00 00 00 00 00 00 00 00 00 00 00 00 00;
1600348295046;0.00061;0.486432;7.605;5.059;3.319;0.041016;0.00885;0.004272;0.000305;0.000305;0.00061;0.007324;1.123;0.018616;0.00061;0.000305;0.000916;0.001221;0.001221;0.001221;0.199585;0.007324;0.001984;6.1e-05;0.000793;0.000397;6.1e-05;6.1e-05;0.000275;0.090332;0.603638;0.323486;1600348294;178;00000001 | 00010010 | 00000011 | 00000000 | ;3;0;0;0;2;0; 54 68 69 73 20 69 73 20 62 65 61 63 6f 6e 00 00 00 00 00 00 00 00 00 00 00 00 00 00 00 00 00 00 00 00 00 00 00 00 00 00 00 00 00 00 00 00 00 00 00 00 00 00 00 00 00 00 00 00 00 00 00 00 00 00 00 00 00 00 00 00 00 00 00 00 00 00 00 00 00 00 00 00 00 00 00 00 00 00 00 00 00 00 00 00 00 00 00 00 00 00 00 00 00 00 00 00 00 00 00 00 00 00 00 00 00 00 00 00 00 00;
1600348296236;0.00061;0.488281;7.605;5.083;3.322;0.053955;0.007629;0.004272;0.000305;0.000305;0.00061;0.006714;1.163;0.018921;0.00061;0.000305;0.000916;0.001221;0.001221;0.001221;0.198975;0.007019;0.001984;6.1e-05;0.000793;0.000397;6.1e-05;6.1e-05;0.000275;0.090637;0.603943;0.330505;1600348295;178;00000001 | 00010010 | 00000011 | 00000000 | ;3;0;0;0;2;0; 54 68 69 73 20 69 73 20 62 65 61 63 6f 6e 00 00 00 00 00 00 00 00 00 00 00 00 00 00 00 00 00 00 00 00 00 00 00 00 00 00 00 00 00 00 00 00 00 00 00 00 00 00 00 00 00 00 00 00 00 00 00 00 00 00 00 00 00 00 00 00 00 00 00 00 00 00 00 00 00 00 00 00 00 00 00 00 00 00 00 00 00 00 00 00 00 00 00 00 00 00 00 00 00 00 00 00 00 00 00 00 00 00 00 00 00 00 00 00 00 00;
1600348297144;0.00061;0.488281;7.602;5.238;3.320;0.058197;0.007935;0.004272;0.000305;0;0.00061;0.007019;1.158;0.018921;0.00061;0.000305;0.000916;0.001221;0.001221;0.001221;0.199585;0.007324;0.001984;6.1e-05;0.000763;0.000397;6.1e-05;6.1e-05;0.000275;0.090637;0.603943;0.324402;1600348296;178;00000001 | 00010010 | 00000011 | 00000000 | ;3;0;0;0;2;0; 54 68 69 73 20 69 73 20 62 65 61 63 6f 6e 00 00 00 00 00 00 00 00 00 00 00 00 00 00 00 00 00 00 00 00 00 00 00 00 00 00 00 00 00 00 00 00 00 00 00 00 00 00 00 00 00 00 00 00 00 00 00 00 00 00 00 00 00 00 00 00 00 00 00 00 00 00 00 00 00 00 00 00 00 00 00 00 00 00 00 00 00 00 00 00 00 00 00 00 00 00 00 00 00 00 00 00 00 00 00 00 00 00 00 00 00 00 00 00 00 00;
1600348328142;0.00061;0.485507;7.602;5.170;3.320;0.057098;0.00824;0.004272;0.000305;0.000305;0.00061;0.006714;1.163;0.018616;0.00061;0.000305;0.001221;0.001221;0.001221;0.001221;0.198975;0.007324;0.002136;6.1e-05;0.000824;0.000397;6.1e-05;6.1e-05;0.000275;0.090942;0.603943;0.318909;1600348327;178;00000001 | 00010010 | 00000011 | 00000000 | ;3;0;0;0;2;0; 54 68 69 73 20 69 73 20 62 65 61 63 6f 6e 00 00 00 00 00 00 00 00 00 00 00 00 00 00 00 00 00 00 00 00 00 00 00 00 00 00 00 00 00 00 00 00 00 00 00 00 00 00 00 00 00 00 00 00 00 00 00 00 00 00 00 00 00 00 00 00 00 00 00 00 00 00 00 00 00 00 00 00 00 00 00 00 00 00 00 00 00 00 00 00 00 00 00 00 00 00 00 00 00 00 00 00 00 00 00 00 00 00 00 00 00 00 00 00 00 00;
1600348440340;0.00061;0.486432;7.592;5.106;3.319;0.04068;0.00824;0.003357;0;0.000305;0.00061;0.006714;1.150;0.019226;0.00061;0.000305;0.001221;0.00061;0.001221;0.001221;0.200195;0.007324;0.002136;6.1e-05;0.000732;0.000397;6.1e-05;6.1e-05;0.000275;0.091248;0.603027;0.324707;1600348439;178;00000001 | 00010010 | 00000011 | 00000000 | ;3;1600339985;4119;0;2;0; 54 68 69 73 20 69 73 20 62 65 61 63 6f 6e 00 00 00 00 00 00 00 00 00 00 00 00 00 00 00 00 00 00 00 00 00 00 00 00 00 00 00 00 00 00 00 00 00 00 00 00 00 00 00 00 00 00 00 00 00 00 00 00 00 00 00 00 00 00 00 00 00 00 00 00 00 00 00 00 00 00 00 00 00 00 00 00 00 00 00 00 00 00 00 00 00 00 00 00 00 00 00 00 00 00 00 00 00 00 00 00 00 00 00 00 00 00 00 00 00 00;
1600348441347;0.00061;0.486432;7.592;5.097;3.319;0.043701;0.007629;0.004272;0.000305;0;0.00061;0.006714;1.165;0.018921;0.00061;0.000305;0.000916;0.001221;0.001221;0.001221;0.198975;0.007324;0.001984;6.1e-05;0.000732;0.000397;6.1e-05;6.1e-05;0.000275;0.090942;0.602722;0.324402;1600348440;178;00000001 | 00010010 | 00000011 | 00000000 | ;3;1600339984;23;0;2;0; 54 68 69 73 20 69 73 20 62 65 61 63 6f 6e 00 00 00 00 00 00 00 00 00 00 00 00 00 00 00 00 00 00 00 00 00 00 00 00 00 00 00 00 00 00 00 00 00 00 00 00 00 00 00 00 00 00 00 00 00 00 00 00 00 00 00 00 00 00 00 00 00 00 00 00 00 00 00 00 00 00 00 00 00 00 00 00 00 00 00 00 00 00 00 00 00 00 00 00 00 00 00 00 00 00 00 00 00 00 00 00 00 00 00 00 00 00 00 00 00 00;
1600348442124;0.00061;0.482733;7.592;5.068;3.318;0.043976;0.007935;0.004578;0;0.000305;0.00061;0.007019;1.155;0.018005;0.00061;0.000305;0.000916;0.001221;0.001221;0.001221;0.198364;0.007324;0.001984;6.1e-05;0.000732;0.000397;6.1e-05;6.1e-05;0.000275;0.090332;0.601807;0.309448;1600348441;178;00000001 | 00010010 | 00000011 | 00000000 | ;3;1600339985;4119;0;2;0; 54 68 69 73 20 69 73 20 62 65 61 63 6f 6e 00 00 00 00 00 00 00 00 00 00 00 00 00 00 00 00 00 00 00 00 00 00 00 00 00 00 00 00 00 00 00 00 00 00 00 00 00 00 00 00 00 00 00 00 00 00 00 00 00 00 00 00 00 00 00 00 00 00 00 00 00 00 00 00 00 00 00 00 00 00 00 00 00 00 00 00 00 00 00 00 00 00 00 00 00 00 00 00 00 00 00 00 00 00 00 00 00 00 00 00 00 00 00 00 00 00;
1600348443111;0.00061;0.483657;7.592;5.114;3.319;0.04129;0.00946;0.003052;0.000305;0.000305;0.00061;0.007629;1.111;0.018616;0.00061;0.000305;0.000916;0.001221;0.00061;0.001221;0.199585;0.007019;0.001984;6.1e-05;0.000763;0.000397;6.1e-05;6.1e-05;0.000275;0.090637;0.603027;0.319214;1600348442;178;00000001 | 00010010 | 00000011 | 00000000 | ;3;1600339984;4119;0;2;0; 54 68 69 73 20 69 73 20 62 65 61 63 6f 6e 00 00 00 00 00 00 00 00 00 00 00 00 00 00 00 00 00 00 00 00 00 00 00 00 00 00 00 00 00 00 00 00 00 00 00 00 00 00 00 00 00 00 00 00 00 00 00 00 00 00 00 00 00 00 00 00 00 00 00 00 00 00 00 00 00 00 00 00 00 00 00 00 00 00 00 00 00 00 00 00 00 00 00 00 00 00 00 00 00 00 00 00 00 00 00 00 00 00 00 00 00 00 00 00 00 00;
1600348496751;0.00061;0.486432;7.585;5.080;3.319;0.04187;0.007935;0.003357;0.000305;0;0.00061;0.006714;1.155;0.018616;0.00061;0.000305;0.000916;0.001221;0.001221;0.001221;0.198975;0.007019;0.002136;6.1e-05;0.000763;0.000397;6.1e-05;6.1e-05;0.000275;0.091248;0.602417;0.324097;1600348496;178;00000001 | 00010010 | 00000011 | 00000000 | ;3;1600339984;4119;0;2;0; 54 68 69 73 20 69 73 20 62 65 61 63 6f 6e 00 00 00 00 00 00 00 00 00 00 00 00 00 00 00 00 00 00 00 00 00 00 00 00 00 00 00 00 00 00 00 00 00 00 00 00 00 00 00 00 00 00 00 00 00 00 00 00 00 00 00 00 00 00 00 00 00 00 00 00 00 00 00 00 00 00 00 00 00 00 00 00 00 00 00 00 00 00 00 00 00 00 00 00 00 00 00 00 00 00 00 00 00 00 00 00 00 00 00 00 00 00 00 00 00 00;
1600348497639;0.00061;0.487356;7.585;5.196;3.319;0.041382;0.007019;0.004578;0.000305;0.000305;0.00061;0.006714;1.166;0.018921;0.00061;0.000305;0.000916;0.001221;0.001221;0.001221;0.199585;0.007019;0.002136;6.1e-05;0.000763;0.000397;6.1e-05;6.1e-05;0.000275;0.090942;0.602417;0.328979;1600348496;178;00000001 | 00010010 | 00000011 | 00000000 | ;3;1600339985;4119;0;2;0; 54 68 69 73 20 69 73 20 62 65 61 63 6f 6e 00 00 00 00 00 00 00 00 00 00 00 00 00 00 00 00 00 00 00 00 00 00 00 00 00 00 00 00 00 00 00 00 00 00 00 00 00 00 00 00 00 00 00 00 00 00 00 00 00 00 00 00 00 00 00 00 00 00 00 00 00 00 00 00 00 00 00 00 00 00 00 00 00 00 00 00 00 00 00 00 00 00 00 00 00 00 00 00 00 00 00 00 00 00 00 00 00 00 00 00 00 00 00 00 00 00;
1600348498520;0.00061;0.488281;7.585;5.133;3.320;0.045929;0.007629;0.004272;0;0.000305;0.00061;0.006409;1.171;0.019226;0.00061;0.000305;0.001221;0.001221;0.001221;0.001221;0.199585;0.007324;0.001984;6.1e-05;0.000763;0.000397;6.1e-05;6.1e-05;0.000275;0.091248;0.602112;0.3302;1600348497;178;00000001 | 00010010 | 00000011 | 00000000 | ;3;1600339985;4119;0;2;0; 54 68 69 73 20 69 73 20 62 65 61 63 6f 6e 00 00 00 00 00 00 00 00 00 00 00 00 00 00 00 00 00 00 00 00 00 00 00 00 00 00 00 00 00 00 00 00 00 00 00 00 00 00 00 00 00 00 00 00 00 00 00 00 00 00 00 00 00 00 00 00 00 00 00 00 00 00 00 00 00 00 00 00 00 00 00 00 00 00 00 00 00 00 00 00 00 00 00 00 00 00 00 00 00 00 00 00 00 00 00 00 00 00 00 00 00 00 00 00 00 00;
1600348503851;0.640259;0.419848;7.855;5.229;3.319;0.040924;0.006104;0.003662;0;0.000305;0.00061;0.006714;1.087;0.018921;0.000305;0.000305;0.000916;0.001831;0.001221;0.001221;0.185547;0.007324;0.002136;6.1e-05;0.000732;0.000397;6.1e-05;3.1e-05;0.000244;0.363464;0.765686;0.324707;1600348503;178;00000001 | 00010010 | 00000011 | 00000000 | ;3;1600339985;4119;0;2;0; 54 68 69 73 20 69 73 20 62 65 61 63 6f 6e 00 00 00 00 00 00 00 00 00 00 00 00 00 00 00 00 00 00 00 00 00 00 00 00 00 00 00 00 00 00 00 00 00 00 00 00 00 00 00 00 00 00 00 00 00 00 00 00 00 00 00 00 00 00 00 00 00 00 00 00 00 00 00 00 00 00 00 00 00 00 00 00 00 00 00 00 00 00 00 00 00 00 00 00 00 00 00 00 00 00 00 00 00 00 00 00 00 00 00 00 00 00 00 00 00 00;
1600348506778;0.007935;0.471635;7.605;5.119;3.320;0.011108;0.006714;0.004272;0.000305;0.000305;0.00061;0.006714;1.173;0.018921;0.00061;0.000305;0.000916;0.001221;0.014648;0.001221;0.200195;0.007019;0.002136;6.1e-05;0.000763;0.000397;6.1e-05;3.1e-05;0.000275;0.445862;0.604553;0.332336;1600348506;178;00000001 | 00010010 | 00000011 | 00000000 | ;3;1600339984;4119;0;2;0; 54 68 69 73 20 69 73 20 62 65 61 63 6f 6e 00 00 00 00 00 00 00 00 00 00 00 00 00 00 00 00 00 00 00 00 00 00 00 00 00 00 00 00 00 00 00 00 00 00 00 00 00 00 00 00 00 00 00 00 00 00 00 00 00 00 00 00 00 00 00 00 00 00 00 00 00 00 00 00 00 00 00 00 00 00 00 00 00 00 00 00 00 00 00 00 00 00 00 00 00 00 00 00 00 00 00 00 00 00 00 00 00 00 00 00 00 00 00 00 00 00;
1600348509417;0.00061;0.488281;7.592;5.203;3.319;0.040527;0.007629;0.004272;0.000305;0;0.00061;0.006714;1.163;0.018921;0.00061;0.000305;0.000916;0.001221;0.001221;0.001221;0.198975;0.007324;0.002136;6.1e-05;0.000732;0.000397;6.1e-05;6.1e-05;0.000275;0.090942;0.603027;0.32959;1600348508;178;00000001 | 00010010 | 00000011 | 00000000 | ;3;1600339984;4119;0;2;0; 54 68 69 73 20 69 73 20 62 65 61 63 6f 6e 00 00 00 00 00 00 00 00 00 00 00 00 00 00 00 00 00 00 00 00 00 00 00 00 00 00 00 00 00 00 00 00 00 00 00 00 00 00 00 00 00 00 00 00 00 00 00 00 00 00 00 00 00 00 00 00 00 00 00 00 00 00 00 00 00 00 00 00 00 00 00 00 00 00 00 00 00 00 00 00 00 00 00 00 00 00 00 00 00 00 00 00 00 00 00 00 00 00 00 00 00 00 00 00 00 00;
1600348511774;0.00061;0.487356;7.588;5.240;3.320;0.05542;0.008545;0.004272;0.000305;0;0.00061;0.007019;1.145;0.018921;0.00061;0.000305;0.000916;0.001221;0.001221;0.001221;0.198975;0.007019;0.001984;6.1e-05;0.000732;0.000397;6.1e-05;6.1e-05;0.000275;0.090332;0.603027;0.323181;1600348511;178;00000001 | 00010010 | 00000011 | 00000000 | ;3;1600339985;4119;0;2;0; 54 68 69 73 20 69 73 20 62 65 61 63 6f 6e 00 00 00 00 00 00 00 00 00 00 00 00 00 00 00 00 00 00 00 00 00 00 00 00 00 00 00 00 00 00 00 00 00 00 00 00 00 00 00 00 00 00 00 00 00 00 00 00 00 00 00 00 00 00 00 00 00 00 00 00 00 00 00 00 00 00 00 00 00 00 00 00 00 00 00 00 00 00 00 00 00 00 00 00 00 00 00 00 00 00 00 00 00 00 00 00 00 00 00 00 00 00 00 00 00 00;
1600348514231;0.00061;0.483657;7.592;5.167;3.318;0.041901;0.00885;0.003052;0;0.000305;0.00061;0.007324;1.132;0.018311;0.00061;0.000305;0.000916;0.001221;0.001221;0.001221;0.199585;0.007324;0.001984;6.1e-05;0.000793;0.000397;6.1e-05;6.1e-05;0.000275;0.090942;0.602722;0.310059;1600348513;178;00000001 | 00010010 | 00000011 | 00000000 | ;3;1600340001;4119;0;2;0; 54 68 69 73 20 69 73 20 62 65 61 63 6f 6e 00 00 00 00 00 00 00 00 00 00 00 00 00 00 00 00 00 00 00 00 00 00 00 00 00 00 00 00 00 00 00 00 00 00 00 00 00 00 00 00 00 00 00 00 00 00 00 00 00 00 00 00 00 00 00 00 00 00 00 00 00 00 00 00 00 00 00 00 00 00 00 00 00 00 00 00 00 00 00 00 00 00 00 00 00 00 00 00 00 00 00 00 00 00 00 00 00 00 00 00 00 00 00 00 00 00;
1600348515512;0.00061;0.485507;7.592;5.107;3.319;0.041321;0.008545;0.004578;0.000305;0;0.00061;0.007324;1.131;0.018616;0.00061;0.000305;0.000916;0.001221;0.001221;0.001221;0.199585;0.007324;0.001984;6.1e-05;0.000763;0.000397;6.1e-05;6.1e-05;0.000275;0.090332;0.602722;0.325928;1600348514;178;00000001 | 00010010 | 00000011 | 00000000 | ;3;1600340000;4119;0;2;0; 54 68 69 73 20 69 73 20 62 65 61 63 6f 6e 00 00 00 00 00 00 00 00 00 00 00 00 00 00 00 00 00 00 00 00 00 00 00 00 00 00 00 00 00 00 00 00 00 00 00 00 00 00 00 00 00 00 00 00 00 00 00 00 00 00 00 00 00 00 00 00 00 00 00 00 00 00 00 00 00 00 00 00 00 00 00 00 00 00 00 00 00 00 00 00 00 00 00 00 00 00 00 00 00 00 00 00 00 00 00 00 00 00 00 00 00 00 00 00 00 00;
1600348516499;0.00061;0.488281;7.588;5.128;3.320;0.056915;0.00885;0.003052;0.000305;0.000305;0.00061;0.007019;1.139;0.018921;0.00061;0.000305;0.000916;0.001221;0.001221;0.001221;0.198975;0.007324;0.002136;6.1e-05;0.000763;0.000397;6.1e-05;6.1e-05;0.000275;0.090942;0.602722;0.32959;1600348515;178;00000001 | 00010010 | 00000011 | 00000000 | ;3;1600340001;4119;0;2;0; 54 68 69 73 20 69 73 20 62 65 61 63 6f 6e 00 00 00 00 00 00 00 00 00 00 00 00 00 00 00 00 00 00 00 00 00 00 00 00 00 00 00 00 00 00 00 00 00 00 00 00 00 00 00 00 00 00 00 00 00 00 00 00 00 00 00 00 00 00 00 00 00 00 00 00 00 00 00 00 00 00 00 00 00 00 00 00 00 00 00 00 00 00 00 00 00 00 00 00 00 00 00 00 00 00 00 00 00 00 00 00 00 00 00 00 00 00 00 00 00 00;
1600348519456;0.00061;0.485507;7.588;5.086;3.322;0.05249;0.007324;0.004272;0.000305;0;0.00061;0.006714;1.169;0.018921;0.00061;0.000305;0.001221;0.001221;0.001221;0.001221;0.199585;0.007324;0.001984;6.1e-05;0.000793;0.000397;6.1e-05;6.1e-05;0.000275;0.091248;0.602722;0.32959;1600348518;178;00000001 | 00010010 | 00000011 | 00000000 | ;3;1600340000;4119;0;2;0; 54 68 69 73 20 69 73 20 62 65 61 63 6f 6e 00 00 00 00 00 00 00 00 00 00 00 00 00 00 00 00 00 00 00 00 00 00 00 00 00 00 00 00 00 00 00 00 00 00 00 00 00 00 00 00 00 00 00 00 00 00 00 00 00 00 00 00 00 00 00 00 00 00 00 00 00 00 00 00 00 00 00 00 00 00 00 00 00 00 00 00 00 00 00 00 00 00 00 00 00 00 00 00 00 00 00 00 00 00 00 00 00 00 00 00 00 00 00 00 00 00;
1600348520695;0.00061;0.490131;7.588;5.203;3.319;0.040222;0.007324;0.004272;0.000305;0.000305;0.00061;0.006714;1.163;0.019836;0.00061;0.000305;0.000916;0.001221;0.001221;0.00061;0.198975;0.007324;0.002136;6.1e-05;0.000763;0.000397;6.1e-05;6.1e-05;0.000275;0.090942;0.602417;0.332642;1600348519;178;00000001 | 00010010 | 00000011 | 00000000 | ;3;1600340000;4119;0;2;0; 54 68 69 73 20 69 73 20 62 65 61 63 6f 6e 00 00 00 00 00 00 00 00 00 00 00 00 00 00 00 00 00 00 00 00 00 00 00 00 00 00 00 00 00 00 00 00 00 00 00 00 00 00 00 00 00 00 00 00 00 00 00 00 00 00 00 00 00 00 00 00 00 00 00 00 00 00 00 00 00 00 00 00 00 00 00 00 00 00 00 00 00 00 00 00 00 00 00 00 00 00 00 00 00 00 00 00 00 00 00 00 00 00 00 00 00 00 00 00 00 00;
