1601286924810;0.00061;0.295928;7.578;5.115;3.319;0.028442;0.013123;0.003052;0.000305;0.000305;0.00061;0.010071;0.958909;0.019226;0.000916;0.000305;0.000916;0.001221;0.010376;0.001221;0.002441;0.007019;0.001984;6.1e-05;0.000763;0.000336;6.1e-05;6.1e-05;0.000275;0.075378;0.604248;0.333252;1601286924;14;11000001 | 00010010 | 00000011 | 00000000 | ;3;1601286925;26;0;2;0; 0a 30 68 3d 26 00 11 ff 0a 41 87 ff 2e 02 e1 fe e6 ff 07 0f 86 f5 0a 31 68 3d 07 00 14 ff f7 40 90 ff 4a 02 d8 fe e6 ff 07 0f 86 f5 0a 32 68 3d 07 00 14 ff f7 40 90 ff 45 02 e4 fe e6 ff 07 0f 86 f5 0a 33 68 3d 2e 00 2b ff 07 41 93 ff 45 02 e4 fe e6 ff 07 0f 86 f5 02 00 00 00 00 00 00 00 00 00 00 00 00 00 00 00 88 ff 02 20 01 00 00 00 10 01 00 00 00 00 00 00;
1601286925801;0.00061;0.295928;7.571;5.240;3.322;0.044617;0.013428;0.003052;0.000305;0;0.00061;0.010071;0.958909;0.018921;0.00061;0.000305;0.000916;0.001221;0.009766;0.001221;0.002441;0.007019;0.001984;6.1e-05;0.000732;0.000336;6.1e-05;6.1e-05;0.000275;0.075378;0.604248;0.330505;1601286925;14;11000001 | 00010010 | 00000011 | 00000000 | ;3;1601286926;26;0;2;0; 0a 30 68 3d ae ff e8 fe 07 41 84 ff 2f 02 db fe d3 ff e9 0e 64 f5 0a 31 68 3d 94 ff 29 ff 6d 41 84 ff 2f 02 db fe d3 ff e9 0e 64 f5 0a 32 68 3d c9 ff 41 ff c4 41 84 ff 26 02 df fe d3 ff e9 0e 64 f5 0a 33 68 3d fa ff 7a ff db 41 8c ff 29 02 e8 fe d3 ff e9 0e 64 f5 02 00 00 00 00 00 00 00 00 00 00 00 00 00 00 00 88 ff 02 20 01 00 00 00 10 01 00 00 00 00 00 00;
1601286926797;0.00061;0.295003;7.578;5.232;3.320;0.028168;0.012817;0.003052;0.000305;0.000305;0.00061;0.010071;0.958909;0.018921;0.00061;0.000305;0.000916;0.001221;0.010986;0.001221;0.002441;0.007019;0.002136;6.1e-05;0.000732;0.000336;6.1e-05;6.1e-05;0.000275;0.075684;0.604248;0.333557;1601286926;14;11000001 | 00010010 | 00000011 | 00000000 | ;3;1601286927;4122;0;2;0; 0a 30 68 3d 4b 00 2b ff 18 41 a3 ff 13 02 e0 fe fa ff e5 0e 6d f5 0a 31 68 3d 4b 00 2b ff 18 41 a3 ff 22 02 dd fe fa ff e5 0e 6d f5 0a 32 68 3d 41 00 1c ff 29 41 9d ff 22 02 dd fe c5 ff e5 0e 2e f5 0a 33 68 3d 4b 00 09 ff 3b 41 91 ff 25 02 d9 fe c5 ff e5 0e 2e f5 02 00 00 00 00 00 00 00 00 00 00 00 00 00 00 00 88 ff 02 20 01 00 00 00 10 01 00 00 00 00 00 00;
1601286927803;0.00061;0.299627;7.571;5.235;3.319;0.026764;0.013428;0.003052;0.000305;0.000305;0.00061;0.010071;0.958909;0.019226;0.00061;0.000305;0.000916;0.001221;0.009766;0.001221;0.002441;0.007324;0.002136;6.1e-05;0.000763;0.000336;6.1e-05;6.1e-05;0.000275;0.075684;0.604248;0.328064;1601286927;14;11000001 | 00010010 | 00000011 | 00000000 | ;3;1601286928;26;0;2;0; 0a 30 68 3d a0 00 57 ff fa 40 9b ff 24 02 de fe c1 ff e6 0e 84 f5 0a 31 68 3d a0 00 57 ff fa 40 9e ff 36 02 d7 fe c1 ff e6 0e 84 f5 0a 32 68 3d 93 00 4b ff 18 41 9e ff 36 02 d7 fe d4 ff 09 0f 78 f5 0a 33 68 3d 6c 00 47 ff 27 41 91 ff 2d 02 d7 fe d4 ff 09 0f 78 f5 08 00 00 00 00 00 00 00 a0 ff 01 00 00 00 00 00 00 00 00 00 b0 ff 02 20 00 00 00 00 f9 ff ff ff;
1601286928798;0.00061;0.295003;7.578;5.174;3.320;0.039215;0.013733;0.003052;0;0.000305;0.00061;0.010071;0.958909;0.018921;0.00061;0.000305;0.000916;0.001221;0.010986;0.001221;0.002441;0.007324;0.002136;6.1e-05;0.000732;0.000336;6.1e-05;6.1e-05;0.000275;0.075684;0.604248;0.328369;1601286928;14;11000001 | 00010010 | 00000011 | 00000000 | ;3;1601286929;26;0;2;0; 0a 30 68 3d c1 00 4c ff 20 41 a2 ff 36 02 ee fe d2 ff 0f 0f 47 f5 0a 31 68 3d b9 00 3f ff 21 41 93 ff 31 02 e9 fe d2 ff 0f 0f 47 f5 0a 32 68 3d b9 00 38 ff 1f 41 98 ff 11 02 db fe d2 ff 0f 0f 47 f5 0a 33 68 3d a3 00 43 ff 27 41 85 ff 1f 02 da fe d2 ff 0f 0f 47 f5 02 00 00 00 00 00 00 00 00 00 00 00 00 00 00 00 88 ff 02 20 01 00 00 00 10 01 00 00 00 00 00 00;
1601286929799;0.00061;0.294078;7.578;5.185;3.320;0.02887;0.012817;0.003052;0;0.000305;0.00061;0.010376;0.960529;0.018921;0.00061;0.000305;0.000916;0.001221;0.009766;0.001221;0.002441;0.007019;0.002136;6.1e-05;0.000763;0.000336;6.1e-05;6.1e-05;0.000275;0.075378;0.604248;0.32959;1601286929;14;11000001 | 00010010 | 00000011 | 00000000 | ;3;1601286930;26;0;2;0; 0a 30 68 3d 70 00 7f ff 1f 41 89 ff 48 02 d6 fe d1 ff 01 0f ec f5 0a 31 68 3d 70 00 7f ff 23 41 8b ff 32 02 d2 fe d1 ff 01 0f ec f5 0a 32 68 3d 8b 00 7f ff 23 41 8b ff 32 02 d3 fe d1 ff 01 0f ec f5 0a 33 68 3d 63 00 5c ff 22 41 7a ff 23 02 d3 fe d1 ff 01 0f ec f5 98 ff 01 00 78 ff 02 20 a0 ff 02 20 f9 ff ff ff 3c 6c 00 20 e7 ff 02 20 00 00 00 00 e7 ff 02 20;
1601286930803;0.00061;0.295003;7.578;5.063;3.320;0.028595;0.013123;0.003052;0.000305;0.000305;0.00061;0.010071;0.958909;0.018921;0.00061;0.000305;0.000916;0.001221;0.012207;0.001221;0.002441;0.007019;0.002136;6.1e-05;0.000732;0.000336;6.1e-05;6.1e-05;0.000275;0.075684;0.603027;0.326843;1601286930;14;11000001 | 00010010 | 00000011 | 00000000 | ;3;1601286931;26;0;2;0; 0a 30 68 3d 7b 00 2a ff 10 41 8c ff 30 02 e3 fe d4 ff e5 0e a1 f5 0a 31 68 3d 78 00 65 ff 25 41 8b ff 21 02 e0 fe d4 ff e5 0e a1 f5 0a 32 68 3d 96 00 82 ff 50 41 89 ff 29 02 e0 fe d4 ff e5 0e a1 f5 0a 33 68 3d 8f 00 6e ff 44 41 8d ff 28 02 ea fe d4 ff e5 0e a1 f5 02 00 00 00 00 00 00 00 00 00 00 00 00 00 00 00 88 ff 02 20 01 00 00 00 10 01 00 00 00 00 00 00;
1601286931800;0.00061;0.295003;7.578;5.195;3.320;0.039368;0.013733;0.003052;0.000305;0.000305;0.00061;0.010071;0.958909;0.018921;0.00061;0.000305;0.001221;0.001221;0.009766;0.001221;0.002441;0.007019;0.001984;6.1e-05;0.000732;0.000336;6.1e-05;6.1e-05;0.000275;0.075378;0.604248;0.329895;1601286931;14;11000001 | 00010010 | 00000011 | 00000000 | ;3;1601286932;26;0;2;0; 0a 30 68 3d a2 00 db fe 82 41 a2 ff 33 02 e6 fe d5 ff 06 0f 5d f5 0a 31 68 3d 98 00 cf fe 3c 41 92 ff 32 02 e1 fe d5 ff 06 0f 5d f5 0a 32 68 3d 98 00 cf fe 3c 41 98 ff 3a 02 e7 fe d5 ff 06 0f 5d f5 0a 33 68 3d 94 00 c5 fe 02 41 98 ff 3a 02 e7 fe d5 ff 06 0f 5d f5 02 00 01 00 78 ff 02 20 a0 ff 02 20 f9 ff ff ff 90 6b 00 20 e7 ff 02 20 00 00 00 00 00 00 00 00;
1601286932798;0.00061;0.295003;7.578;5.110;3.322;0.048157;0.013123;0.003052;0.000305;0.000305;0.00061;0.010071;0.958909;0.019226;0.00061;0.000305;0.000916;0.001221;0.010986;0.001221;0.002441;0.007019;0.001984;6.1e-05;0.000732;0.000336;6.1e-05;6.1e-05;0.000275;0.075378;0.604248;0.328674;1601286932;14;11000001 | 00010010 | 00000011 | 00000000 | ;3;1601286933;4122;0;2;0; 0a 30 68 3d 7b 00 78 ff 31 40 7d ff 31 02 d9 fe c5 ff e8 0e 58 f5 0a 31 68 3d 9b 00 89 ff f9 40 7d ff 31 02 d9 fe c5 ff e8 0e 58 f5 0a 32 68 3d b8 00 a3 ff e9 40 80 ff 31 02 db fe c5 ff e8 0e 58 f5 0a 33 68 3d e6 00 a7 ff c8 40 8a ff 2b 02 e0 fe c5 ff e8 0e 58 f5 98 ff 01 00 00 00 00 40 a0 ff 01 00 00 00 00 40 90 6b 00 20 88 ff 02 20 b0 ff 02 20 f9 ff ff ff;
1601286933802;0.00061;0.293154;7.578;5.131;3.319;0.029785;0.013123;0.003052;0.000305;0.000305;0.00061;0.010071;0.958909;0.018921;0.00061;0.000305;0.000916;0.001221;0.009766;0.001221;0.002441;0.007019;0.001984;6.1e-05;0.000732;0.000336;6.1e-05;6.1e-05;0.000275;0.075378;0.604248;0.328674;1601286933;14;11000001 | 00010010 | 00000011 | 00000000 | ;3;1601286934;26;0;2;0; 0a 30 68 3d b9 00 71 ff 08 41 93 ff 2b 02 eb fe 8f ff ef 0e 7a f5 0a 31 68 3d ab 00 61 ff fb 40 93 ff 2b 02 eb fe 8f ff ef 0e 7a f5 0a 32 68 3d a8 00 8b ff 03 41 95 ff 2d 02 db fe 8f ff ef 0e 7a f5 0a 33 68 3d a5 00 93 ff 15 41 88 ff 23 02 ea fe 8f ff ef 0e 7a f5 98 ff 01 00 78 ff 02 20 a0 ff 02 20 f9 ff ff ff 90 6b 00 20 e7 ff 02 20 00 00 00 00 00 00 00 00;
1601286934809;0.00061;0.293154;7.578;5.115;3.322;0.035797;0.013123;0.002747;0.000305;0.000305;0.00061;0.010376;0.960529;0.018616;0.00061;0.000305;0.000916;0.001221;0.010986;0.001221;0.003052;0.007324;0.001984;6.1e-05;0.000763;0.000336;6.1e-05;6.1e-05;0.000275;0.075378;0.604248;0.324097;1601286934;14;11000001 | 00010010 | 00000011 | 00000000 | ;3;1601286935;26;0;2;0; 0a 30 68 3d 80 00 f2 fe 7b 40 a2 ff 2f 02 cf fe 7f ff 03 0f 7c f5 0a 31 68 3d 80 00 f2 fe 7b 40 a8 ff 1e 02 d6 fe 7f ff 03 0f 7c f5 0a 32 68 3d 4b 00 7e fe ce 40 a8 ff 1e 02 d6 fe 7f ff 03 0f 7c f5 0a 33 68 3d f9 ff 35 fe 4d 41 a8 ff 08 02 e4 fe 7f ff 03 0f 7c f5 98 ff 01 00 68 74 00 20 a0 ff 01 00 01 00 00 00 02 00 00 00 00 00 00 00 00 00 00 00 00 00 00 00;
1601286935806;0.00061;0.310724;7.568;5.224;3.322;0.039093;0.013123;0.002747;0.000305;0;0.00061;0.010376;0.960529;0.018921;0.00061;0.000305;0.000916;0.001221;0.009766;0.001221;0.002441;0.007324;0.001984;6.1e-05;0.000763;0.000336;6.1e-05;6.1e-05;0.000275;0.075378;0.604248;0.331421;1601286935;14;11000001 | 00010010 | 00000011 | 00000000 | ;3;1601286936;26;0;2;0; 0a 30 68 3d 7b 00 73 ff 2d 41 90 ff 24 02 e7 fe cb ff f9 0e bc f5 0a 31 68 3d 74 00 7b ff 29 41 8f ff 2d 02 d7 fe cb ff f9 0e bc f5 0a 32 68 3d 73 00 76 ff 12 41 94 ff 2a 02 db fe cb ff f9 0e bc f5 0a 33 68 3d 70 00 68 ff 15 41 92 ff 31 02 d1 fe aa ff fb 0e 8e f5 00 00 00 00 00 00 00 00 80 ff 02 20 01 00 00 00 10 01 00 00 00 00 00 00 00 00 08 e2 00 00 00 00;
1601286936802;0.00061;0.295928;7.578;5.167;3.320;0.027954;0.013428;0.003052;0.000305;0.000305;0.000916;0.00946;0.958909;0.018921;0.00061;0.000305;0.000916;0.001221;0.010376;0.001221;0.002441;0.007019;0.002136;9.2e-05;0.000732;0.000336;6.1e-05;6.1e-05;0.000275;0.075378;0.604248;0.32959;1601286936;14;11000001 | 00010010 | 00000011 | 00000000 | ;3;1601286937;26;0;2;0; 0a 30 68 3d 84 00 7c ff f7 40 84 ff 3d 02 de fe dc ff ec 0e 9e f5 0a 31 68 3d 8c 00 72 ff 12 41 81 ff 43 02 e0 fe dc ff ec 0e 9e f5 0a 32 68 3d 8c 00 72 ff 12 41 95 ff 37 02 da fe dc ff ec 0e 9e f5 0a 33 68 3d b7 00 81 ff fe 40 95 ff 37 02 da fe dc ff ec 0e 9e f5 98 ff 01 00 68 74 00 20 a0 ff 01 00 01 00 00 00 02 00 00 00 00 00 00 00 00 00 00 00 00 00 00 00;
1601286937798;0.00061;0.294078;7.578;5.083;3.319;0.026764;0.013428;0.002747;0.000305;0.000305;0.00061;0.010071;0.960529;0.018921;0.00061;0.000305;0.000916;0.001221;0.009766;0.001221;0.002441;0.007019;0.001984;6.1e-05;0.000763;0.000336;6.1e-05;6.1e-05;0.000275;0.075378;0.604248;0.335999;1601286937;14;11000001 | 00010010 | 00000011 | 00000000 | ;3;1601286938;26;0;2;0; 0a 30 68 3d 93 00 7f ff 35 41 8c ff 1c 02 dc fe b9 ff bc 0e 88 f5 0a 31 68 3d 8d 00 84 ff 18 41 8c ff 1c 02 dc fe b9 ff bc 0e 88 f5 0a 32 68 3d 88 00 6a ff 1e 41 8c ff 14 02 e2 fe b9 ff bc 0e 88 f5 0a 33 68 3d a4 00 75 ff ef 40 8a ff 25 02 e6 fe b9 ff bc 0e 88 f5 02 00 00 00 00 00 00 00 00 00 00 00 00 00 00 00 88 ff 02 20 01 00 00 00 10 01 00 00 00 00 00 00;
1601286938806;0.00061;0.293154;7.578;5.065;3.322;0.0383;0.013123;0.003052;0;0.000305;0.00061;0.010376;0.960529;0.018616;0.00061;0.000305;0.000916;0.001221;0.012207;0.001221;0.002441;0.007019;0.002136;6.1e-05;0.000763;0.000336;6.1e-05;6.1e-05;0.000275;0.075378;0.603027;0.325317;1601286938;14;11000001 | 00010010 | 00000011 | 00000000 | ;3;1601286939;26;0;2;0; 0a 30 68 3d 63 00 89 ff 1d 41 8e ff 28 02 e3 fe c5 ff f3 0e 4b f5 0a 31 68 3d 63 00 89 ff 18 41 9a ff 2b 02 e4 fe c5 ff f3 0e 4b f5 0a 32 68 3d 5d 00 97 ff 18 41 9a ff 2b 02 dd fe c5 ff f3 0e 4b f5 0a 33 68 3d 54 00 9a ff 21 41 96 ff 24 02 dd fe c5 ff f3 0e 4b f5 02 00 00 00 00 00 00 00 00 00 00 00 00 00 00 00 88 ff 02 20 01 00 00 00 10 01 00 00 00 00 00 00;
1601286939803;0.00061;0.294078;7.578;5.191;3.320;0.028534;0.012817;0.003052;0.000305;0.000305;0.00061;0.010071;0.958909;0.019226;0.00061;0.000305;0.001221;0.001221;0.010376;0.001221;0.002441;0.007324;0.001984;6.1e-05;0.000763;0.000336;6.1e-05;6.1e-05;0.000275;0.075378;0.604248;0.325928;1601286939;14;11000001 | 00010010 | 00000011 | 00000000 | ;3;1601286940;26;0;2;0; 0a 30 68 3d 89 00 56 ff 19 41 86 ff 22 02 e0 fe c3 ff bd 0e 4e f5 0a 31 68 3d 93 00 69 ff f8 40 8e ff 3e 02 e0 fe c3 ff bd 0e 4e f5 0a 32 68 3d 94 00 77 ff f7 40 8f ff 3a 02 d8 fe c3 ff bd 0e 4e f5 0a 33 68 3d a8 00 96 ff 03 41 91 ff 1f 02 e0 fe c3 ff bd 0e 4e f5 98 ff 01 00 68 74 00 20 a0 ff 02 20 01 00 00 00 02 00 00 00 00 00 00 00 00 00 00 00 00 00 00 00;
1601286940807;0.00061;0.294078;7.578;5.065;3.319;0.026642;0.013123;0.003052;0.000305;0.000305;0.00061;0.010071;0.960529;0.018616;0.000916;0.000305;0.000916;0.001221;0.010986;0.001221;0.002441;0.007324;0.001984;6.1e-05;0.000732;0.000336;6.1e-05;6.1e-05;0.000275;0.075378;0.603027;0.324402;1601286940;14;11000001 | 00010010 | 00000011 | 00000000 | ;3;1601286941;4122;0;2;0; 0a 30 68 3d 71 00 52 ff 1c 41 92 ff 30 02 d5 fe d4 ff dc 0e 65 f5 0a 31 68 3d 6f 00 4a ff 18 41 90 ff 24 02 e5 fe d4 ff dc 0e 65 f5 0a 32 68 3d 6f 00 4a ff 18 41 92 ff 24 02 eb fe d4 ff dc 0e 65 f5 0a 33 68 3d 69 00 3d ff 22 41 92 ff 24 02 eb fe d4 ff dc 0e 65 f5 02 00 00 00 00 00 00 00 00 00 00 00 00 00 00 00 88 ff 02 20 01 00 00 00 10 01 00 00 00 00 00 00;
1601286941804;0.00061;0.293154;7.578;5.187;3.319;0.026184;0.013123;0.002747;0.000305;0.000305;0.00061;0.010376;0.960529;0.019226;0.00061;0.000305;0.000916;0.001221;0.009766;0.001221;0.002441;0.007324;0.001984;6.1e-05;0.000732;0.000336;6.1e-05;6.1e-05;0.000275;0.075684;0.604248;0.3302;1601286941;14;11000001 | 00010010 | 00000011 | 00000000 | ;3;1601286942;4122;0;2;0; 0a 30 68 3d 81 00 59 ff 27 41 77 ff 2d 02 e2 fe d3 ff db 0e 69 f5 0a 31 68 3d 86 00 58 ff 28 41 77 ff 2d 02 e2 fe d8 ff 03 0f 63 f5 0a 32 68 3d 91 00 5f ff 19 41 83 ff 2b 02 e6 fe d8 ff 03 0f 63 f5 0a 33 68 3d 78 00 57 ff 10 41 93 ff 20 02 de fe d8 ff 03 0f 63 f5 98 ff 01 00 01 00 00 00 02 00 00 00 00 00 00 00 00 00 00 00 00 00 00 00 90 ff 02 20 01 00 00 00;
1601286942800;0.00061;0.294078;7.578;5.094;3.320;0.041199;0.013428;0.002747;0.000305;0.000305;0.00061;0.010071;0.958909;0.018921;0.00061;0.000305;0.000916;0.001221;0.010986;0.001221;0.002441;0.007324;0.002136;6.1e-05;0.000763;0.000336;6.1e-05;6.1e-05;0.000275;0.075684;0.604248;0.324097;1601286942;14;11000001 | 00010010 | 00000011 | 00000000 | ;3;1601286943;4122;0;2;0; 0a 30 68 3d 65 00 62 ff 15 41 8b ff 28 02 e2 fe d8 ff d7 0e 47 f5 0a 31 68 3d 7c 00 5d ff 2a 41 96 ff 20 02 e5 fe d8 ff d7 0e 47 f5 0a 32 68 3d 71 00 3f ff 30 41 9b ff 21 02 d8 fe d8 ff d7 0e 47 f5 0a 33 68 3d 71 00 3f ff 30 41 84 ff 27 02 d8 fe d8 ff d7 0e 47 f5 02 00 01 00 01 00 00 00 02 00 00 00 00 00 00 00 00 00 00 00 00 00 00 00 90 ff 02 20 01 00 00 00;
1601286943807;0.00061;0.294078;7.578;5.072;3.320;0.026733;0.012817;0.003052;0;0.000305;0.00061;0.010071;0.960529;0.018921;0.00061;0.000305;0.000916;0.001221;0.008545;0.001221;0.002441;0.007324;0.002136;6.1e-05;0.000763;0.000336;6.1e-05;6.1e-05;0.000275;0.075684;0.603333;0.328369;1601286943;14;11000001 | 00010010 | 00000011 | 00000000 | ;3;1601286944;26;0;2;0; 0a 30 68 3d 5f 00 4c ff eb 40 9e ff 31 02 d8 fe cf ff be 0e 79 f5 0a 31 68 3d 60 00 56 ff 10 41 9b ff 31 02 d8 fe cf ff be 0e 79 f5 0a 32 68 3d 6b 00 6d ff 3d 41 8d ff 2d 02 d4 fe cf ff be 0e 79 f5 0a 33 68 3d 8e 00 6c ff 32 41 8a ff 2e 02 e4 fe cf ff be 0e 79 f5 02 00 00 00 00 00 00 00 00 00 00 00 00 00 00 00 88 ff 02 20 01 00 00 00 10 01 00 00 00 00 00 00;
1601286944804;0.00061;0.291304;7.578;5.190;3.320;0.033875;0.012512;0.003052;0.000305;0;0.00061;0.010071;0.960529;0.018311;0.00061;0.000305;0.000916;0.001221;0.010376;0.001221;0.002441;0.007019;0.001984;6.1e-05;0.000732;0.000366;6.1e-05;6.1e-05;0.000275;0.075378;0.604248;0.307617;1601286944;14;11000001 | 00010010 | 00000011 | 00000000 | ;3;1601286945;26;0;2;0; 0a 30 68 3d 94 00 7d ff fc 40 97 ff 26 02 e0 fe bf ff db 0e 95 f5 0a 31 68 3d 8b 00 7f ff fa 40 94 ff 22 02 e7 fe bf ff db 0e 95 f5 0a 32 68 3d a0 00 73 ff 1f 41 97 ff 26 02 da fe bf ff db 0e 95 f5 0a 33 68 3d a0 00 73 ff 1f 41 97 ff 25 02 cf fe bf ff db 0e 95 f5 00 00 00 00 00 00 00 00 80 ff 02 20 01 00 00 00 10 01 00 00 00 00 00 00 00 00 08 e2 00 00 00 00;
1601286945877;0.00061;0.290379;7.578;5.101;3.319;0.026642;0.012512;0.003357;0.000305;0.000305;0.00061;0.010376;0.958909;0.018005;0.00061;0.000305;0.000916;0.001221;0.010376;0.001221;0.002441;0.006714;0.002136;6.1e-05;0.000732;0.000336;6.1e-05;6.1e-05;0.000275;0.075378;0.604248;0.308533;1601286945;14;11000001 | 00010010 | 00000011 | 00000000 | ;3;1601286946;4122;0;2;0; 0a 30 68 3d 94 00 7d ff fc 40 97 ff 26 02 e0 fe bf ff db 0e 95 f5 0a 31 68 3d 8b 00 7f ff fa 40 94 ff 22 02 e7 fe bf ff db 0e 95 f5 0a 32 68 3d a0 00 73 ff 1f 41 97 ff 26 02 da fe bf ff db 0e 95 f5 0a 33 68 3d a0 00 73 ff 1f 41 97 ff 25 02 cf fe bf ff db 0e 95 f5 00 00 00 00 00 00 00 00 80 ff 02 20 01 00 00 00 10 01 00 00 00 00 00 00 00 00 08 e2 00 00 00 00;
1601286946873;0.00061;0.290379;7.578;5.230;3.319;0.026337;0.013123;0.003052;0.000305;0;0.00061;0.010376;0.960529;0.018311;0.00061;0.000305;0.000916;0.001221;0.010986;0.001221;0.002441;0.006714;0.001984;6.1e-05;0.000732;0.000336;6.1e-05;6.1e-05;0.000275;0.075378;0.604248;0.307922;1601286946;14;11000001 | 00010010 | 00000011 | 00000000 | ;3;1601286947;4122;0;2;0; 0a 30 68 3d 94 00 7d ff fc 40 97 ff 26 02 e0 fe bf ff db 0e 95 f5 0a 31 68 3d 8b 00 7f ff fa 40 94 ff 22 02 e7 fe bf ff db 0e 95 f5 0a 32 68 3d a0 00 73 ff 1f 41 97 ff 26 02 da fe bf ff db 0e 95 f5 0a 33 68 3d a0 00 73 ff 1f 41 97 ff 25 02 cf fe bf ff db 0e 95 f5 00 00 00 00 00 00 00 00 80 ff 02 20 01 00 00 00 10 01 00 00 00 00 00 00 00 00 08 e2 00 00 00 00;
1601286947882;0.00061;0.290379;7.578;5.190;3.319;0.028168;0.013123;0.003052;0.000305;0.000305;0.00061;0.010376;0.960529;0.018005;0.00061;0.000305;0.000916;0.001221;0.010376;0.001221;0.003052;0.007324;0.001984;6.1e-05;0.000763;0.000366;6.1e-05;6.1e-05;0.000275;0.075684;0.604248;0.309143;1601286947;14;11000001 | 00010010 | 00000011 | 00000000 | ;3;1601286948;4122;0;2;0; 0a 30 68 3d 94 00 7d ff fc 40 97 ff 26 02 e0 fe bf ff db 0e 95 f5 0a 31 68 3d 8b 00 7f ff fa 40 94 ff 22 02 e7 fe bf ff db 0e 95 f5 0a 32 68 3d a0 00 73 ff 1f 41 97 ff 26 02 da fe bf ff db 0e 95 f5 0a 33 68 3d a0 00 73 ff 1f 41 97 ff 25 02 cf fe bf ff db 0e 95 f5 00 00 00 00 00 00 00 00 80 ff 02 20 01 00 00 00 10 01 00 00 00 00 00 00 00 00 08 e2 00 00 00 00;
1601286948878;0.00061;0.292229;7.578;5.084;3.318;0.026489;0.012817;0.003052;0;0.000305;0.00061;0.010376;0.960529;0.018311;0.00061;0.000305;0.000916;0.001221;0.010986;0.001221;0.002441;0.007019;0.001984;6.1e-05;0.000732;0.000336;6.1e-05;6.1e-05;0.000275;0.075684;0.604248;0.307007;1601286948;14;11000001 | 00010010 | 00000011 | 00000000 | ;3;1601286949;26;0;2;0; 0a 30 68 3d 94 00 7d ff fc 40 97 ff 26 02 e0 fe bf ff db 0e 95 f5 0a 31 68 3d 8b 00 7f ff fa 40 94 ff 22 02 e7 fe bf ff db 0e 95 f5 0a 32 68 3d a0 00 73 ff 1f 41 97 ff 26 02 da fe bf ff db 0e 95 f5 0a 33 68 3d a0 00 73 ff 1f 41 97 ff 25 02 cf fe bf ff db 0e 95 f5 00 00 00 00 00 00 00 00 80 ff 02 20 01 00 00 00 10 01 00 00 00 00 00 00 00 00 08 e2 00 00 00 00;
1601286949876;0.00061;0.292229;7.578;5.193;3.319;0.02652;0.012817;0.003052;0.000305;0.000305;0.00061;0.010071;0.958909;0.018616;0.00061;0.000305;0.001221;0.001221;0.009766;0.001221;0.003052;0.007019;0.002136;6.1e-05;0.000763;0.000336;6.1e-05;6.1e-05;0.000275;0.075378;0.604248;0.321655;1601286949;14;11000001 | 00010010 | 00000011 | 00000000 | ;3;1601286950;4122;0;2;0; 0a 30 68 3d 94 00 7d ff fc 40 97 ff 26 02 e0 fe bf ff db 0e 95 f5 0a 31 68 3d 8b 00 7f ff fa 40 94 ff 22 02 e7 fe bf ff db 0e 95 f5 0a 32 68 3d a0 00 73 ff 1f 41 97 ff 26 02 da fe bf ff db 0e 95 f5 0a 33 68 3d a0 00 73 ff 1f 41 97 ff 25 02 cf fe bf ff db 0e 95 f5 00 00 00 00 00 00 00 00 80 ff 02 20 01 00 00 00 10 01 00 00 00 00 00 00 00 00 08 e2 00 00 00 00;
1601286950880;0.00061;0.335693;7.568;5.199;3.319;0.026489;0.012817;0.003052;0;0.000305;0.00061;0.010376;0.960529;0.018921;0.00061;0.000305;0.000916;0.001221;0.010986;0.001221;0.002441;0.007019;0.001984;6.1e-05;0.000732;0.000336;6.1e-05;6.1e-05;0.000275;0.075378;0.603943;0.322266;1601286950;14;11000001 | 00010010 | 00000011 | 00000000 | ;3;1601286951;4122;0;2;0; 0a 30 68 3d 94 00 7d ff fc 40 97 ff 26 02 e0 fe bf ff db 0e 95 f5 0a 31 68 3d 8b 00 7f ff fa 40 94 ff 22 02 e7 fe bf ff db 0e 95 f5 0a 32 68 3d a0 00 73 ff 1f 41 97 ff 26 02 da fe bf ff db 0e 95 f5 0a 33 68 3d a0 00 73 ff 1f 41 97 ff 25 02 cf fe bf ff db 0e 95 f5 00 00 00 00 00 00 00 00 80 ff 02 20 01 00 00 00 10 01 00 00 00 00 00 00 00 00 08 e2 00 00 00 00;
1601286951877;0.00061;0.291304;7.578;5.146;3.319;0.026276;0.012817;0.003052;0.000305;0.000305;0.00061;0.010071;0.960529;0.018311;0.00061;0.000305;0.000916;0.001221;0.010376;0.001221;0.002441;0.007019;0.001984;6.1e-05;0.000732;0.000336;6.1e-05;6.1e-05;0.000275;0.075378;0.604248;0.321045;1601286951;14;11000001 | 00010010 | 00000011 | 00000000 | ;3;1601286952;4122;0;2;0; 0a 30 68 3d 94 00 7d ff fc 40 97 ff 26 02 e0 fe bf ff db 0e 95 f5 0a 31 68 3d 8b 00 7f ff fa 40 94 ff 22 02 e7 fe bf ff db 0e 95 f5 0a 32 68 3d a0 00 73 ff 1f 41 97 ff 26 02 da fe bf ff db 0e 95 f5 0a 33 68 3d a0 00 73 ff 1f 41 97 ff 25 02 cf fe bf ff db 0e 95 f5 00 00 00 00 00 00 00 00 80 ff 02 20 01 00 00 00 10 01 00 00 00 00 00 00 00 00 08 e2 00 00 00 00;
1601286952886;0.00061;0.293154;7.578;5.107;3.320;0.02829;0.012512;0.003052;0.000305;0.000305;0.00061;0.010376;0.958909;0.018616;0.00061;0.000305;0.000916;0.001221;0.010376;0.001221;0.002441;0.007019;0.001984;6.1e-05;0.000732;0.000336;6.1e-05;6.1e-05;0.000275;0.075378;0.604248;0.32074;1601286952;14;11000001 | 00010010 | 00000011 | 00000000 | ;3;1601286953;4122;0;2;0; 0a 30 68 3d 94 00 7d ff fc 40 97 ff 26 02 e0 fe bf ff db 0e 95 f5 0a 31 68 3d 8b 00 7f ff fa 40 94 ff 22 02 e7 fe bf ff db 0e 95 f5 0a 32 68 3d a0 00 73 ff 1f 41 97 ff 26 02 da fe bf ff db 0e 95 f5 0a 33 68 3d a0 00 73 ff 1f 41 97 ff 25 02 cf fe bf ff db 0e 95 f5 00 00 00 00 00 00 00 00 80 ff 02 20 01 00 00 00 10 01 00 00 00 00 00 00 00 00 08 e2 00 00 00 00;
1601286953854;0.00061;0.292229;7.578;5.209;3.319;0.028534;0.013428;0.003052;0.000305;0.000305;0.00061;0.010071;0.958909;0.018311;0.00061;0.000305;0.000916;0.001221;0.010376;0.001221;0.002441;0.007324;0.001984;6.1e-05;0.000732;0.000366;6.1e-05;6.1e-05;0.000275;0.075378;0.604248;0.322266;1601286953;14;11000001 | 00010010 | 00000011 | 00000000 | ;3;1601286954;4122;0;2;0; 0a 30 68 3d 7e 00 88 ff 25 41 87 ff 1a 02 d2 fe cc ff dc 0e 1b f5 0a 31 68 3d 7d 00 73 ff 24 41 87 ff 1a 02 d2 fe cc ff dc 0e 1b f5 0a 32 68 3d 90 00 62 ff 06 41 89 ff 2c 02 d6 fe cc ff dc 0e 1b f5 0a 33 68 3d 76 00 55 ff fc 40 98 ff 2e 02 df fe cc ff dc 0e 1b f5 02 00 00 00 88 ff 02 20 00 00 00 00 00 64 00 40 88 ff 02 20 88 ff 02 20 00 00 00 00 51 20 80 0e;
1601287242334;0.00061;0.294078;7.561;5.196;3.322;0.04483;0.013733;0.003052;0.000305;0;0.00061;0.010376;0.945951;0.018921;0.00061;0.000305;0.000916;0.001221;0.009766;0.001221;0.002441;0.007324;0.001984;6.1e-05;0.000763;0.000336;6.1e-05;6.1e-05;0.000275;0.073853;0.603027;0.331726;1601287242;14;11000001 | 00010010 | 00000011 | 00000000 | ;3;1601287242;28698;0;2;0; 0a 30 68 3d 7e 00 88 ff 25 41 87 ff 1a 02 d2 fe cc ff dc 0e 1b f5 0a 31 68 3d 7d 00 73 ff 24 41 87 ff 1a 02 d2 fe cc ff dc 0e 1b f5 0a 32 68 3d 90 00 62 ff 06 41 89 ff 2c 02 d6 fe cc ff dc 0e 1b f5 0a 33 68 3d 76 00 55 ff fc 40 98 ff 2e 02 df fe cc ff dc 0e 1b f5 02 00 00 00 88 ff 02 20 00 00 00 00 00 64 00 40 88 ff 02 20 88 ff 02 20 00 00 00 00 51 20 80 0e;
1601287243340;0.00061;0.322747;7.561;5.062;3.322;0.044495;0.013428;0.003052;0.000305;0;0.000916;0.010376;0.945951;0.018921;0.00061;0.000305;0.000916;0.001221;0.010986;0.001221;0.002441;0.007019;0.001984;6.1e-05;0.000732;0.000336;6.1e-05;6.1e-05;0.000275;0.073853;0.602722;0.332031;1601287243;14;11000001 | 00010010 | 00000011 | 00000000 | ;3;1601287243;28698;0;2;0; 0a 30 68 3d 7e 00 88 ff 25 41 87 ff 1a 02 d2 fe cc ff dc 0e 1b f5 0a 31 68 3d 7d 00 73 ff 24 41 87 ff 1a 02 d2 fe cc ff dc 0e 1b f5 0a 32 68 3d 90 00 62 ff 06 41 89 ff 2c 02 d6 fe cc ff dc 0e 1b f5 0a 33 68 3d 76 00 55 ff fc 40 98 ff 2e 02 df fe cc ff dc 0e 1b f5 02 00 00 00 88 ff 02 20 00 00 00 00 00 64 00 40 88 ff 02 20 88 ff 02 20 00 00 00 00 51 20 80 0e;
1601287244326;0.00061;0.264486;7.571;5.199;3.320;0.026581;0.012817;0.002747;0.000305;0;0.00061;0.010071;0.945951;0.013428;0.00061;0.000305;0.000916;0.001221;0.010376;0.001221;0.002441;0.007019;0.001984;6.1e-05;0.000732;0.000336;6.1e-05;6.1e-05;0.000275;0.073853;0.604248;0.204163;1601287244;14;11000001 | 00010010 | 00000011 | 00000000 | ;3;1601287244;28698;0;2;0; 0a 30 68 3d 7e 00 88 ff 25 41 87 ff 1a 02 d2 fe cc ff dc 0e 1b f5 0a 31 68 3d 7d 00 73 ff 24 41 87 ff 1a 02 d2 fe cc ff dc 0e 1b f5 0a 32 68 3d 90 00 62 ff 06 41 89 ff 2c 02 d6 fe cc ff dc 0e 1b f5 0a 33 68 3d 76 00 55 ff fc 40 98 ff 2e 02 df fe cc ff dc 0e 1b f5 02 00 00 00 88 ff 02 20 00 00 00 00 00 64 00 40 88 ff 02 20 88 ff 02 20 00 00 00 00 51 20 80 0e;
1601287245334;0.00061;0.26541;7.571;5.067;3.322;0.044098;0.013428;0.002747;0.000305;0.000305;0.00061;0.010376;0.945951;0.013428;0.00061;0.000305;0.000916;0.001221;0.010986;0.001221;0.002441;0.007019;0.001984;6.1e-05;0.000732;0.000305;6.1e-05;6.1e-05;0.000275;0.073853;0.602722;0.201721;1601287245;14;11000001 | 00010010 | 00000011 | 00000000 | ;3;1601287245;28698;0;2;0; 0a 30 68 3d 7e 00 88 ff 25 41 87 ff 1a 02 d2 fe cc ff dc 0e 1b f5 0a 31 68 3d 7d 00 73 ff 24 41 87 ff 1a 02 d2 fe cc ff dc 0e 1b f5 0a 32 68 3d 90 00 62 ff 06 41 89 ff 2c 02 d6 fe cc ff dc 0e 1b f5 0a 33 68 3d 76 00 55 ff fc 40 98 ff 2e 02 df fe cc ff dc 0e 1b f5 02 00 00 00 88 ff 02 20 00 00 00 00 00 64 00 40 88 ff 02 20 88 ff 02 20 00 00 00 00 51 20 80 0e;
1601287246331;0.00061;0.270034;7.571;5.073;3.319;0.029785;0.013733;0.002747;0.000305;0.000305;0.00061;0.010376;0.945951;0.014343;0.00061;0.000305;0.000916;0.001221;0.009155;0.001221;0.002441;0.007019;0.001984;9.2e-05;0.000702;0.000336;6.1e-05;6.1e-05;0.000275;0.073853;0.603638;0.203552;1601287246;14;11000001 | 00010010 | 00000011 | 00000000 | ;3;1601287246;28698;0;2;0; 0a 30 68 3d 7e 00 88 ff 25 41 87 ff 1a 02 d2 fe cc ff dc 0e 1b f5 0a 31 68 3d 7d 00 73 ff 24 41 87 ff 1a 02 d2 fe cc ff dc 0e 1b f5 0a 32 68 3d 90 00 62 ff 06 41 89 ff 2c 02 d6 fe cc ff dc 0e 1b f5 0a 33 68 3d 76 00 55 ff fc 40 98 ff 2e 02 df fe cc ff dc 0e 1b f5 02 00 00 00 88 ff 02 20 00 00 00 00 00 64 00 40 88 ff 02 20 88 ff 02 20 00 00 00 00 51 20 80 0e;
1601287247328;0.00061;0.270959;7.571;5.080;3.320;0.042786;0.013123;0.002747;0.000305;0;0.00061;0.010376;0.947571;0.014038;0.00061;0.00061;0.000916;0.001221;0.010986;0.001221;0.002441;0.007019;0.001984;6.1e-05;0.000732;0.000336;6.1e-05;6.1e-05;0.000275;0.073853;0.603943;0.207214;1601287247;14;11000001 | 00010010 | 00000011 | 00000000 | ;3;1601287247;28698;0;2;0; 0a 30 68 3d 7e 00 88 ff 25 41 87 ff 1a 02 d2 fe cc ff dc 0e 1b f5 0a 31 68 3d 7d 00 73 ff 24 41 87 ff 1a 02 d2 fe cc ff dc 0e 1b f5 0a 32 68 3d 90 00 62 ff 06 41 89 ff 2c 02 d6 fe cc ff dc 0e 1b f5 0a 33 68 3d 76 00 55 ff fc 40 98 ff 2e 02 df fe cc ff dc 0e 1b f5 02 00 00 00 88 ff 02 20 00 00 00 00 00 64 00 40 88 ff 02 20 88 ff 02 20 00 00 00 00 51 20 80 0e;
1601287248335;0.00061;0.270034;7.571;5.151;3.319;0.029541;0.013428;0.003052;0.000305;0.000305;0.00061;0.010681;0.945951;0.014038;0.00061;0.000305;0.000916;0.001221;0.010376;0.001221;0.002441;0.007324;0.002136;6.1e-05;0.000732;0.000336;6.1e-05;6.1e-05;0.000275;0.073853;0.603943;0.206299;1601287248;14;11000001 | 00010010 | 00000011 | 00000000 | ;3;1601287248;28698;0;2;0; 0a 30 68 3d 7e 00 88 ff 25 41 87 ff 1a 02 d2 fe cc ff dc 0e 1b f5 0a 31 68 3d 7d 00 73 ff 24 41 87 ff 1a 02 d2 fe cc ff dc 0e 1b f5 0a 32 68 3d 90 00 62 ff 06 41 89 ff 2c 02 d6 fe cc ff dc 0e 1b f5 0a 33 68 3d 76 00 55 ff fc 40 98 ff 2e 02 df fe cc ff dc 0e 1b f5 02 00 00 00 88 ff 02 20 00 00 00 00 00 64 00 40 88 ff 02 20 88 ff 02 20 00 00 00 00 51 20 80 0e;
1601287249333;0.00061;0.295003;7.561;5.156;3.319;0.026367;0.013123;0.002747;0.000305;0;0.00061;0.010071;0.945951;0.018921;0.00061;0.000305;0.000916;0.001221;0.010986;0.001221;0.002441;0.007019;0.001984;6.1e-05;0.000763;0.000336;6.1e-05;6.1e-05;0.000275;0.074158;0.603027;0.329285;1601287249;14;11000001 | 00010010 | 00000011 | 00000000 | ;3;1601287249;28698;0;2;0; 0a 30 68 3d 7e 00 88 ff 25 41 87 ff 1a 02 d2 fe cc ff dc 0e 1b f5 0a 31 68 3d 7d 00 73 ff 24 41 87 ff 1a 02 d2 fe cc ff dc 0e 1b f5 0a 32 68 3d 90 00 62 ff 06 41 89 ff 2c 02 d6 fe cc ff dc 0e 1b f5 0a 33 68 3d 76 00 55 ff fc 40 98 ff 2e 02 df fe cc ff dc 0e 1b f5 02 00 00 00 88 ff 02 20 00 00 00 00 00 64 00 40 88 ff 02 20 88 ff 02 20 00 00 00 00 51 20 80 0e;
1601287250338;0.00061;0.293154;7.561;5.157;3.322;0.042511;0.013123;0.002747;0.000305;0;0.00061;0.010376;0.945951;0.018616;0.00061;0.000305;0.000916;0.001221;0.010376;0.001221;0.003052;0.006714;0.001984;6.1e-05;0.000732;0.000336;6.1e-05;6.1e-05;0.000275;0.073853;0.603027;0.326843;1601287250;14;11000001 | 00010010 | 00000011 | 00000000 | ;3;1601287250;28698;0;2;0; 0a 30 68 3d 7e 00 88 ff 25 41 87 ff 1a 02 d2 fe cc ff dc 0e 1b f5 0a 31 68 3d 7d 00 73 ff 24 41 87 ff 1a 02 d2 fe cc ff dc 0e 1b f5 0a 32 68 3d 90 00 62 ff 06 41 89 ff 2c 02 d6 fe cc ff dc 0e 1b f5 0a 33 68 3d 76 00 55 ff fc 40 98 ff 2e 02 df fe cc ff dc 0e 1b f5 02 00 00 00 88 ff 02 20 00 00 00 00 00 64 00 40 88 ff 02 20 88 ff 02 20 00 00 00 00 51 20 80 0e;
1601287251331;0.00061;0.308875;7.561;5.054;3.320;0.032013;0.012817;0.002747;0.000305;0;0.00061;0.010376;0.945951;0.019226;0.00061;0.000305;0.000916;0.001221;0.010376;0.001221;0.002441;0.007324;0.001984;6.1e-05;0.000732;0.000336;6.1e-05;6.1e-05;0.000275;0.073853;0.602722;0.330505;1601287251;14;11000001 | 00010010 | 00000011 | 00000000 | ;3;1601287251;28698;0;2;0; 0a 30 68 3d 7e 00 88 ff 25 41 87 ff 1a 02 d2 fe cc ff dc 0e 1b f5 0a 31 68 3d 7d 00 73 ff 24 41 87 ff 1a 02 d2 fe cc ff dc 0e 1b f5 0a 32 68 3d 90 00 62 ff 06 41 89 ff 2c 02 d6 fe cc ff dc 0e 1b f5 0a 33 68 3d 76 00 55 ff fc 40 98 ff 2e 02 df fe cc ff dc 0e 1b f5 02 00 00 00 88 ff 02 20 00 00 00 00 00 64 00 40 88 ff 02 20 88 ff 02 20 00 00 00 00 51 20 80 0e;
1601287252250;0;0.303326;7.561;5.054;3.320;0.030975;0.013123;0.003052;0.000305;0.000305;0.00061;0.010681;0.947571;0.018921;0.00061;0.000305;0.000916;0.001221;0.010376;0.001221;0.002441;0.007019;0.002136;6.1e-05;0.000702;0.000336;6.1e-05;6.1e-05;0.000275;0.073853;0.602722;0.325317;1601287252;14;11000001 | 00010010 | 00000011 | 00000000 | ;3;1601287252;28698;0;2;0; 0a 30 68 3d 74 00 92 ff 21 41 a1 ff 2c 02 e3 fe d8 01 16 09 95 f5 0a 31 68 3d 62 00 92 ff 21 41 a1 ff 2c 02 e2 fe d8 01 16 09 95 f5 0a 32 68 3d 70 00 96 ff 0f 41 98 ff 41 02 e2 fe d8 01 16 09 95 f5 0a 33 68 3d 6b 00 9f ff 25 41 8e ff 32 02 e9 fe d8 01 16 09 95 f5 02 00 00 00 00 00 00 00 00 00 00 00 00 00 00 00 88 ff 02 20 01 00 00 00 10 01 00 00 00 00 00 00;
1601287253256;0.00061;0.295003;7.561;5.203;3.323;0.040924;0.013123;0.002747;0.000305;0;0.00061;0.010376;0.945951;0.019226;0.00061;0.000305;0.000916;0.001221;0.010376;0.001221;0.002441;0.007324;0.002136;6.1e-05;0.000732;0.000336;6.1e-05;6.1e-05;0.000275;0.073853;0.603027;0.32959;1601287253;14;11000001 | 00010010 | 00000011 | 00000000 | ;3;1601287253;28698;0;2;0; 0a 30 68 3d 63 00 9b ff 11 41 97 ff 2d 02 d9 fe 9e 01 ec 08 b4 f5 0a 31 68 3d 69 00 96 ff 12 41 9e ff 23 02 d9 fe 9e 01 ec 08 b4 f5 0a 32 68 3d 66 00 94 ff 0d 41 93 ff 29 02 cf fe 9e 01 ec 08 b4 f5 0a 33 68 3d 60 00 8b ff 05 41 8b ff 2e 02 c6 fe 9e 01 ec 08 b4 f5 02 00 01 00 00 00 00 00 00 00 00 00 b0 ff 02 20 00 00 00 00 f9 ff ff ff 3c 6c 00 20 e7 ff 02 20;
1601287254249;0.00061;0.294078;7.561;5.078;3.323;0.042389;0.013428;0.003052;0.000305;0;0.00061;0.010071;0.945951;0.018616;0.00061;0.000305;0.000916;0.001221;0.009766;0.001221;0.002441;0.007019;0.001984;6.1e-05;0.000732;0.000336;6.1e-05;6.1e-05;0.000275;0.073853;0.603027;0.325317;1601287254;14;11000001 | 00010010 | 00000011 | 00000000 | ;3;1601287254;28698;0;2;0; 0a 30 68 3d 70 00 90 ff 08 41 8a ff 2e 02 d7 fe cf 01 ed 08 b1 f5 0a 31 68 3d 6c 00 8f ff 08 41 8a ff 2e 02 d1 fe cf 01 ed 08 b1 f5 0a 32 68 3d 6b 00 93 ff fa 40 a1 ff 4f 02 d1 fe cf 01 ed 08 b1 f5 0a 33 68 3d 63 00 99 ff 08 41 9d ff 46 02 df fe cf 01 ed 08 b1 f5 02 00 00 00 00 00 00 00 00 00 00 00 00 00 00 00 88 ff 02 20 01 00 00 00 10 01 00 00 00 00 00 00;
1601287255255;0.00061;0.295003;7.561;5.230;3.319;0.027161;0.013428;0.002747;0.000305;0;0.00061;0.010376;0.945951;0.018616;0.00061;0.000305;0.000916;0.001221;0.010376;0.001221;0.002441;0.007019;0.001984;6.1e-05;0.000732;0.000336;6.1e-05;6.1e-05;0.000275;0.073853;0.602722;0.329285;1601287255;14;11000001 | 00010010 | 00000011 | 00000000 | ;3;1601287255;28698;0;2;0; 0a 30 68 3d 54 00 a1 ff 27 41 8f ff 29 02 d3 fe c0 01 2e 09 92 f5 0a 31 68 3d 73 00 a2 ff 27 41 99 ff 36 02 e7 fe c0 01 2e 09 92 f5 0a 32 68 3d 70 00 a7 ff 23 41 9a ff 2f 02 e7 fe c0 01 2e 09 92 f5 0a 33 68 3d 5b 00 a4 ff 1c 41 a0 ff 39 02 e0 fe c0 01 2e 09 92 f5 98 ff 01 00 78 ff 02 20 a0 ff 02 20 f9 ff ff ff 3c 6c 00 20 e7 ff 02 20 00 00 00 00 e7 ff 02 20;
1601287256251;0.00061;0.294078;7.561;5.102;3.322;0.038635;0.013428;0.003052;0;0;0.00061;0.010376;0.945951;0.018921;0.00061;0.000305;0.000916;0.001221;0.009766;0.001221;0.002441;0.007019;0.001984;6.1e-05;0.000763;0.000336;6.1e-05;6.1e-05;0.000275;0.073853;0.603027;0.330811;1601287256;14;11000001 | 00010010 | 00000011 | 00000000 | ;3;1601287256;28698;0;2;0; 0a 30 68 3d 68 00 9c ff 1a 41 a0 ff 36 02 eb fe 95 01 1b 09 8e f5 0a 31 68 3d 69 00 82 ff 1d 41 a0 ff 36 02 eb fe 95 01 1b 09 8e f5 0a 32 68 3d 58 00 8d ff 1c 41 93 ff 33 02 e1 fe ae 01 22 09 82 f5 0a 33 68 3d 6e 00 9f ff 35 41 9d ff 4c 02 e5 fe ae 01 22 09 82 f5 00 00 01 00 01 00 00 00 02 00 00 00 00 00 00 00 00 00 00 00 00 00 00 00 90 ff 02 20 01 00 00 00;
1601287257255;0.00061;0.294078;7.561;5.054;3.319;0.026886;0.013123;0.002747;0.000305;0.000305;0.00061;0.010376;0.945951;0.018616;0.00061;0.000916;0.000916;0.001221;0.010986;0.001221;0.002441;0.007019;0.001984;6.1e-05;0.000732;0.000336;6.1e-05;6.1e-05;0.000275;0.073853;0.602417;0.327454;1601287257;14;11000001 | 00010010 | 00000011 | 00000000 | ;3;1601287257;28698;0;2;0; 0a 30 68 3d 6b 00 95 ff 1a 41 95 ff 28 02 e3 fe b7 01 15 09 45 f5 0a 31 68 3d 4c 00 94 ff 33 41 99 ff 23 02 e5 fe b7 01 15 09 45 f5 0a 32 68 3d 62 00 87 ff 1c 41 9e ff 36 02 e6 fe b7 01 15 09 45 f5 0a 33 68 3d 57 00 8e ff 1b 41 a7 ff 46 02 de fe 95 01 22 09 8d f5 98 ff 01 00 68 74 00 20 a0 ff 02 20 01 00 00 00 02 00 00 00 00 00 00 00 00 00 00 00 00 00 00 00;
1601287258262;0.00061;0.293154;7.561;5.208;3.320;0.028351;0.013733;0.003052;0.000305;0;0.00061;0.010376;0.945951;0.018921;0.00061;0.000305;0.000916;0.001221;0.009766;0.001221;0.002441;0.007019;0.002136;6.1e-05;0.000763;0.000336;6.1e-05;6.1e-05;0.000275;0.074158;0.603027;0.328979;1601287258;14;11000001 | 00010010 | 00000011 | 00000000 | ;3;1601287258;32794;0;2;0; 0a 30 68 3d 6b 00 92 ff 10 41 9b ff 26 02 e4 fe 99 01 03 09 a8 f5 0a 31 68 3d 5f 00 89 ff 19 41 a1 ff 29 02 e0 fe 99 01 03 09 a8 f5 0a 32 68 3d 5f 00 96 ff 24 41 b1 ff 30 02 e4 fe 99 01 03 09 a8 f5 0a 33 68 3d 6b 00 96 ff 24 41 b1 ff 30 02 e3 fe 99 01 03 09 a8 f5 02 00 00 00 00 00 00 00 00 00 00 00 00 00 00 00 88 ff 02 20 01 00 00 00 10 01 00 00 00 00 00 00;
1601287259255;0.00061;0.295003;7.561;5.080;3.322;0.044098;0.013123;0.003052;0.000305;0.000305;0.00061;0.010071;0.945951;0.018921;0.00061;0.000305;0.000916;0.001221;0.010986;0.001221;0.002441;0.007019;0.002136;6.1e-05;0.000732;0.000336;6.1e-05;6.1e-05;0.000275;0.074158;0.603027;0.328064;1601287259;14;11000001 | 00010010 | 00000011 | 00000000 | ;3;1601287259;28698;0;2;0; 0a 30 68 3d 37 00 f1 ff fb 40 8b ff 3d 02 de fe a8 01 19 09 99 f5 0a 31 68 3d 45 00 fa ff 1c 41 9f ff 2a 02 e9 fe a8 01 19 09 99 f5 0a 32 68 3d 33 00 eb ff 0a 41 90 ff 2d 02 e9 fe a8 01 19 09 99 f5 0a 33 68 3d 33 00 eb ff 0a 41 9f ff 28 02 e1 fe a8 01 19 09 99 f5 02 00 00 00 00 00 00 00 00 00 00 00 00 00 00 00 88 ff 02 20 01 00 00 00 10 01 00 00 00 00 00 00;
1601287260270;0.00061;0.293154;7.561;5.133;3.322;0.047882;0.014038;0.003052;0.000305;0.000305;0.000916;0.010376;0.945951;0.018616;0.00061;0.000305;0.000916;0.001221;0.010376;0.001221;0.002441;0.007324;0.001984;9.2e-05;0.000732;0.000336;6.1e-05;6.1e-05;0.000275;0.073853;0.602722;0.325928;1601287260;14;11000001 | 00010010 | 00000011 | 00000000 | ;3;1601287260;28698;0;2;0; 0a 30 68 3d 92 00 6f ff 0e 41 9d ff 27 02 e3 fe 98 01 1a 09 41 f5 0a 31 68 3d 91 00 6b ff 0a 41 a3 ff 31 02 ec fe 98 01 1a 09 41 f5 0a 32 68 3d 9c 00 6e ff 17 41 8e ff 30 02 e5 fe 98 01 1a 09 41 f5 0a 33 68 3d 9c 00 6e ff 2d 41 99 ff 32 02 e3 fe 98 01 1a 09 41 f5 98 ff 01 00 78 ff 02 20 a0 ff 02 20 f9 ff ff ff 3c 6c 00 20 e7 ff 02 20 00 00 00 00 e7 ff 02 20;
1601287261251;0.00061;0.356963;7.554;5.174;3.322;0.039948;0.013123;0.003052;0.000305;0.000305;0.00061;0.010376;0.945951;0.019226;0.00061;0.000305;0.000916;0.001221;0.010986;0.001221;0.002441;0.007019;0.001984;6.1e-05;0.000732;0.000336;6.1e-05;6.1e-05;0.000244;0.073853;0.602722;0.331421;1601287261;14;11000001 | 00010010 | 00000011 | 00000000 | ;3;1601287261;28698;0;2;0; 0a 30 68 3d 52 00 9d ff 27 41 99 ff 44 02 cf fe 91 01 21 09 a2 f5 0a 31 68 3d 5d 00 95 ff 1c 41 95 ff 3d 02 d6 fe 91 01 21 09 a2 f5 0a 32 68 3d 5d 00 8d ff 15 41 93 ff 2e 02 df fe 91 01 21 09 a2 f5 0a 33 68 3d 49 00 8d ff 15 41 93 ff 2e 02 e7 fe 91 01 21 09 a2 f5 02 00 00 00 00 00 00 00 00 00 00 00 00 00 00 00 88 ff 02 20 01 00 00 00 10 01 00 00 00 00 00 00;
1601287262256;0.00061;0.293154;7.561;5.191;3.319;0.026764;0.013123;0.002747;0.000305;0.000305;0.00061;0.010071;0.945951;0.018616;0.00061;0.000305;0.000916;0.001221;0.009766;0.001221;0.002441;0.007019;0.001984;6.1e-05;0.000732;0.000336;6.1e-05;6.1e-05;0.000244;0.073853;0.603027;0.325317;1601287262;14;11000001 | 00010010 | 00000011 | 00000000 | ;3;1601287262;28698;0;2;0; 0a 30 68 3d 81 00 8f ff 25 41 9d ff 36 02 de fe 82 01 3b 09 31 f5 0a 31 68 3d 81 00 9b ff ff 40 85 ff 37 02 de fe 82 01 3b 09 31 f5 0a 32 68 3d 7a 00 9b ff ff 40 85 ff 37 02 db fe 82 01 3b 09 31 f5 0a 33 68 3d 74 00 82 ff 2d 41 8e ff 2e 02 db fe 82 01 3b 09 31 f5 02 00 01 00 01 00 00 00 02 00 00 00 00 00 00 00 00 00 00 00 00 00 00 00 90 ff 02 20 01 00 00 00;
1601287263261;0.00061;0.295003;7.561;5.135;3.320;0.037384;0.014038;0.002747;0.000305;0.000305;0.00061;0.010681;0.945951;0.018921;0.00061;0.000305;0.000916;0.001221;0.010986;0.001221;0.002441;0.007019;0.002136;6.1e-05;0.000702;0.000305;6.1e-05;6.1e-05;0.000275;0.073853;0.602722;0.326233;1601287263;14;11000001 | 00010010 | 00000011 | 00000000 | ;3;1601287263;28698;0;2;0; 0a 30 68 3d 42 00 8b ff 28 41 98 ff 52 02 da fe 97 01 2a 09 71 f5 0a 31 68 3d 4d 00 8e ff 1c 41 98 ff 52 02 da fe 97 01 2a 09 71 f5 0a 32 68 3d 54 00 88 ff 07 41 9a ff 40 02 dd fe 97 01 2a 09 71 f5 0a 33 68 3d 6d 00 89 ff 1f 41 96 ff 31 02 df fe 97 01 2a 09 71 f5 02 00 01 00 68 74 00 20 a0 ff 01 00 01 00 00 00 02 00 00 00 00 00 00 00 00 00 00 00 00 00 00 00;
1601287264256;0.00061;0.294078;7.561;5.219;3.320;0.042877;0.013428;0.003052;0.000305;0;0.000916;0.010376;0.945951;0.018921;0.00061;0.000305;0.000916;0.001221;0.009766;0.001221;0.003052;0.007019;0.001984;6.1e-05;0.000732;0.000336;6.1e-05;6.1e-05;0.000275;0.073853;0.602722;0.32959;1601287264;14;11000001 | 00010010 | 00000011 | 00000000 | ;3;1601287264;32794;0;2;0; 0a 30 68 3d 63 00 93 ff 1c 41 8d ff 44 02 df fe ad 01 13 09 6b f5 0a 31 68 3d 63 00 93 ff 1c 41 91 ff 44 02 de fe ad 01 13 09 6b f5 0a 32 68 3d 65 00 9b ff 19 41 91 ff 44 02 de fe ad 01 13 09 6b f5 0a 33 68 3d 74 00 94 ff 15 41 98 ff 4b 02 ce fe ad 01 13 09 6b f5 98 ff 01 00 78 ff 02 20 a0 ff 02 20 f9 ff ff ff 3c 6c 00 20 e7 ff 02 20 00 00 00 00 e7 ff 02 20;
1601287265253;0.00061;0.295003;7.561;5.089;3.320;0.033112;0.012817;0.002747;0.000305;0;0.00061;0.010071;0.945951;0.018921;0.00061;0.000305;0.000916;0.001221;0.010376;0.001221;0.002441;0.007019;0.002136;6.1e-05;0.000763;0.000336;6.1e-05;6.1e-05;0.000244;0.073853;0.603027;0.3302;1601287265;14;11000001 | 00010010 | 00000011 | 00000000 | ;3;1601287265;28698;0;2;0; 0a 30 68 3d 6f 00 8c ff 16 41 95 ff 4c 02 e2 fe 99 01 e8 08 b9 f5 0a 31 68 3d 5c 00 98 ff 22 41 97 ff 38 02 e6 fe 99 01 e8 08 b9 f5 0a 32 68 3d 5c 00 98 ff 22 41 97 ff 41 02 ec fe 99 01 e8 08 b9 f5 0a 33 68 3d 65 00 8b ff 2a 41 96 ff 41 02 ec fe 99 01 e8 08 b9 f5 00 00 01 00 01 00 00 00 02 00 00 00 00 00 00 00 00 00 00 00 00 00 00 00 90 ff 02 20 01 00 00 00;
1601287266257;0.00061;0.294078;7.558;5.237;3.319;0.026276;0.013123;0.002747;0.000305;0.000305;0.00061;0.010071;0.945951;0.019226;0.00061;0.000305;0.000916;0.001221;0.010376;0.001221;0.002441;0.007019;0.002136;6.1e-05;0.000763;0.000336;6.1e-05;6.1e-05;0.000275;0.073853;0.603027;0.325623;1601287266;14;11000001 | 00010010 | 00000011 | 00000000 | ;3;1601287266;28698;0;2;0; 0a 30 68 3d 68 00 8d ff 11 41 9a ff 39 02 ef fe 93 01 34 09 c8 f5 0a 31 68 3d 68 00 8d ff 11 41 9a ff 2b 02 ec fe 93 01 34 09 c8 f5 0a 32 68 3d 65 00 6c ff 0e 41 9b ff 2b 02 ec fe 93 01 34 09 c8 f5 0a 33 68 3d 65 00 93 ff 21 41 9d ff 45 02 d8 fe 93 01 34 09 c8 f5 02 00 00 00 00 00 00 00 00 00 00 00 00 00 00 00 88 ff 02 20 01 00 00 00 10 01 00 00 00 00 00 00;
1601287267257;0.00061;0.293154;7.561;5.099;3.320;0.037567;0.013733;0.003052;0;0.000305;0.00061;0.010376;0.945951;0.018921;0.00061;0.000305;0.000916;0.001221;0.010986;0.001221;0.002441;0.007019;0.001984;6.1e-05;0.000763;0.000336;6.1e-05;6.1e-05;0.000275;0.073853;0.603027;0.324707;1601287267;14;11000001 | 00010010 | 00000011 | 00000000 | ;3;1601287267;28698;0;2;0; 0a 30 68 3d 66 00 8b ff 20 41 92 ff 39 02 d7 fe 87 01 25 09 70 f5 0a 31 68 3d 50 00 91 ff 3d 41 96 ff 34 02 d7 fe 87 01 25 09 70 f5 0a 32 68 3d 77 00 97 ff 29 41 9e ff 35 02 cb fe 87 01 25 09 70 f5 0a 33 68 3d 80 00 a1 ff 14 41 8e ff 30 02 d2 fe 87 01 25 09 70 f5 00 00 00 00 00 00 00 00 80 ff 02 20 01 00 00 00 10 01 00 00 00 00 00 00 00 00 08 e2 00 00 00 00;
1601287268251;0.00061;0.294078;7.561;5.182;3.320;0.041382;0.014038;0.003052;0.000305;0;0.00061;0.010376;0.945951;0.019226;0.000916;0.000305;0.000916;0.001221;0.009766;0.001221;0.002441;0.007019;0.001984;6.1e-05;0.000732;0.000336;6.1e-05;6.1e-05;0.000275;0.073853;0.602722;0.330505;1601287268;14;11000001 | 00010010 | 00000011 | 00000000 | ;3;1601287268;28698;0;2;0; 0a 30 68 3d 66 00 86 ff 04 41 8b ff 39 02 d9 fe 89 01 02 09 b2 f5 0a 31 68 3d 62 00 91 ff 04 41 8b ff 39 02 d9 fe 89 01 02 09 b2 f5 0a 32 68 3d 54 00 94 ff 23 41 8c ff 2e 02 d3 fe 89 01 02 09 b2 f5 0a 33 68 3d 72 00 8c ff 22 41 92 ff 31 02 d5 fe 89 01 02 09 b2 f5 02 00 00 00 00 00 00 00 00 00 00 00 00 00 00 00 88 ff 02 20 01 00 00 00 10 01 00 00 00 00 00 00;
1601287269247;0.00061;0.344941;7.558;5.091;3.320;0.046173;0.013733;0.003357;0.000305;0.000305;0.00061;0.010376;0.947571;0.018921;0.00061;0.000305;0.000916;0.001221;0.010986;0.001221;0.002441;0.007324;0.002136;6.1e-05;0.000763;0.000336;6.1e-05;6.1e-05;0.000275;0.073853;0.602722;0.329895;1601287269;14;11000001 | 00010010 | 00000011 | 00000000 | ;3;1601287269;32794;0;2;0; 0a 30 68 3d 64 00 81 ff 13 41 a0 ff 41 02 e0 fe 97 01 02 09 7d f5 0a 31 68 3d 64 00 81 ff 13 41 8a ff 47 02 dc fe 97 01 02 09 7d f5 0a 32 68 3d 53 00 88 ff 21 41 8a ff 47 02 dc fe 97 01 02 09 7d f5 0a 33 68 3d 5c 00 a5 ff 25 41 82 ff 29 02 da fe 97 01 02 09 7d f5 02 00 00 00 00 00 00 00 00 00 00 00 00 00 00 00 88 ff 02 20 01 00 00 00 10 01 00 00 00 00 00 00;
1601287270252;0.00061;0.295003;7.561;5.191;3.320;0.030823;0.013123;0.002747;0.000305;0.000305;0.00061;0.010376;0.945951;0.019226;0.00061;0.000305;0.000916;0.001221;0.010376;0.001221;0.002441;0.007019;0.001984;6.1e-05;0.000732;0.000336;6.1e-05;6.1e-05;0.000275;0.073853;0.602722;0.326233;1601287270;14;11000001 | 00010010 | 00000011 | 00000000 | ;3;1601287270;28698;0;2;0; 0a 30 68 3d 5f 00 91 ff 29 41 a4 ff 5a 02 d4 fe 98 01 ed 08 9a f5 0a 31 68 3d 6e 00 91 ff 21 41 a4 ff 5a 02 d4 fe 98 01 ed 08 9a f5 0a 32 68 3d 64 00 a3 ff 15 41 9d ff 46 02 dc fe 98 01 ed 08 9a f5 0a 33 68 3d 6a 00 90 ff 07 41 98 ff 36 02 db fe 98 01 ed 08 9a f5 02 00 01 00 00 00 00 40 a0 ff 01 00 00 00 00 40 90 6b 00 20 88 ff 02 20 b0 ff 02 20 f9 ff ff ff;
1601287271255;0.00061;0.294078;7.561;5.232;3.320;0.027283;0.012817;0.003052;0.000305;0;0.000916;0.010376;0.947571;0.018921;0.00061;0.000305;0.000916;0.001221;0.010986;0.001221;0.002441;0.007019;0.001984;6.1e-05;0.000763;0.000336;6.1e-05;6.1e-05;0.000244;0.073853;0.602722;0.326843;1601287271;14;11000001 | 00010010 | 00000011 | 00000000 | ;3;1601287271;32794;0;2;0; 0a 30 68 3d 6e 00 90 ff 0d 41 97 ff 43 02 ce fe 69 01 04 09 91 f5 0a 31 68 3d 76 00 8d ff 08 41 97 ff 43 02 ce fe 69 01 04 09 91 f5 0a 32 68 3d 74 00 90 ff 12 41 95 ff 3a 02 d0 fe 69 01 04 09 91 f5 0a 33 68 3d 69 00 8d ff 19 41 96 ff 32 02 d8 fe 69 01 04 09 91 f5 02 00 01 00 68 74 00 20 a0 ff 01 00 01 00 00 00 02 00 00 00 00 00 00 00 00 00 00 00 00 00 00 00;
1601287315192;0.00061;0.295003;7.558;5.232;3.320;0.026794;0.006714;0.004272;0.000305;0;0.00061;0.006409;1.171;0.019226;0.00061;0.000305;0.000916;0.001221;0.010986;0.001221;0.002441;0.007324;0.002136;9.2e-05;0.000732;0.000336;6.1e-05;6.1e-05;0.000275;0.092773;0.602722;0.335083;1601287314;14;11000001 | 00010010 | 00000011 | 00000000 | ;3;1601287315;32794;0;2;0; 0a 30 68 3d c3 be 94 fe 54 02 84 ff 38 02 dd fe b5 f1 45 0c cc fd 0a 31 68 3d c3 be 94 fe 54 02 9b ff 3d 02 da fe b5 f1 45 0c cc fd 0a 32 68 3d bb be 69 fe 54 02 9b ff 3d 02 da fe b5 f1 45 0c cc fd 0a 33 68 3d a3 be 3e fe 19 02 93 ff 44 02 e3 fe b5 f1 45 0c cc fd 00 00 00 00 00 00 00 00 80 ff 02 20 01 00 00 00 10 01 00 00 00 00 00 00 00 00 08 e2 00 00 00 00;
1601287316195;0.00061;0.294078;7.561;5.154;3.322;0.037811;0.007324;0.003967;0.000305;0.000305;0.00061;0.006409;1.169;0.019226;0.00061;0.00061;0.000916;0.001221;0.009766;0.001221;0.002441;0.007019;0.001984;6.1e-05;0.000793;0.000336;6.1e-05;6.1e-05;0.000275;0.092468;0.602722;0.330811;1601287315;14;11000001 | 00010010 | 00000011 | 00000000 | ;3;1601287316;32794;0;2;0; 0a 30 68 3d a4 be 40 fe 13 02 9a ff 4d 02 d8 fe cf f1 43 0c 9e fd 0a 31 68 3d b1 be 33 fe 13 02 9a ff 4d 02 d8 fe cf f1 43 0c 9e fd 0a 32 68 3d a6 be 1e fe 1b 02 9c ff 49 02 e6 fe cf f1 43 0c 9e fd 0a 33 68 3d c2 be 3a fe 20 02 97 ff 39 02 e7 fe cf f1 43 0c 9e fd 02 00 01 00 68 74 00 20 a0 ff 01 00 01 00 00 00 02 00 00 00 00 00 00 00 00 00 00 00 00 00 00 00;
1601287317198;0.00061;0.293154;7.558;5.081;3.320;0.045715;0.007019;0.004272;0.000305;0.000305;0.00061;0.006409;1.169;0.018616;0.00061;0.000305;0.000916;0.001221;0.010986;0.001221;0.002441;0.007019;0.001984;6.1e-05;0.000763;0.000305;6.1e-05;6.1e-05;0.000275;0.092773;0.602722;0.325317;1601287316;14;11000001 | 00010010 | 00000011 | 00000000 | ;3;1601287317;32794;0;2;0; 0a 30 68 3d ca be d0 fe 35 02 9a ff 4c 02 d6 fe cf f1 5a 0c bc fd 0a 31 68 3d be be 9d fe 30 02 9a ff 4b 02 e1 fe cf f1 5a 0c bc fd 0a 32 68 3d 8e be 8f fe 02 02 93 ff 4c 02 d9 fe cf f1 5a 0c bc fd 0a 33 68 3d ab be a6 fe 07 02 95 ff 42 02 d3 fe cf f1 5a 0c bc fd 00 00 00 00 00 00 00 00 80 ff 02 20 01 00 00 00 10 01 00 00 00 00 00 00 00 00 08 e2 00 00 00 00;
1601287318205;0.00061;0.295003;7.558;5.217;3.322;0.029297;0.006409;0.004272;0.000305;0.000305;0.00061;0.006714;1.169;0.018921;0.00061;0.00061;0.000916;0.001221;0.010376;0.001221;0.002441;0.007324;0.001984;6.1e-05;0.000702;0.000305;6.1e-05;6.1e-05;0.000244;0.092468;0.602722;0.328674;1601287317;14;11000001 | 00010010 | 00000011 | 00000000 | ;3;1601287318;32794;0;2;0; 0a 30 68 3d b7 be f6 fd 06 02 8d ff 39 02 d5 fe b3 f1 52 0c 97 fd 0a 31 68 3d d1 be 0d fe 23 02 8b ff 43 02 d5 fe b3 f1 52 0c 97 fd 0a 32 68 3d f7 be ff fd 1d 02 91 ff 53 02 e0 fe b3 f1 52 0c 97 fd 0a 33 68 3d f7 be ff fd 1d 02 94 ff 3f 02 d3 fe b3 f1 52 0c 97 fd 02 00 00 00 00 00 00 00 00 00 00 00 00 00 00 00 88 ff 02 20 01 00 00 00 10 01 00 00 00 00 00 00;
1601287319188;0.00061;0.295928;7.558;5.216;3.320;0.029846;0.007019;0.003967;0.000305;0;0.00061;0.006409;1.169;0.019226;0.00061;0.000305;0.000916;0.001221;0.010986;0.001221;0.003052;0.007019;0.001984;6.1e-05;0.000732;0.000336;6.1e-05;6.1e-05;0.000275;0.092468;0.602722;0.333862;1601287318;14;11000001 | 00010010 | 00000011 | 00000000 | ;3;1601287319;32794;0;2;0; 0a 30 68 3d d0 be 83 fe 2f 02 9c ff 3f 02 e3 fe ca f1 65 0c 57 fd 0a 31 68 3d d0 be 83 fe 2f 02 92 ff 21 02 e8 fe ca f1 65 0c 57 fd 0a 32 68 3d da be 76 fe 37 02 92 ff 21 02 e8 fe ca f1 65 0c 57 fd 0a 33 68 3d b8 be 63 fe 33 02 8b ff 30 02 e2 fe ca f1 65 0c 57 fd 00 00 00 00 a0 ff 02 20 00 00 00 00 f9 ff ff ff 3c 6c 00 20 e7 ff 02 20 00 00 00 00 00 00 00 00;
1601287320196;0.00061;0.298702;7.551;5.235;3.322;0.045563;0.007019;0.004272;0;0.000305;0.000916;0.006409;1.171;0.018921;0.00061;0.000305;0.000916;0.001221;0.009766;0.001221;0.002441;0.007324;0.001984;6.1e-05;0.000763;0.000305;6.1e-05;6.1e-05;0.000275;0.092468;0.602722;0.325012;1601287319;14;11000001 | 00010010 | 00000011 | 00000000 | ;3;1601287320;32794;0;2;0; 0a 30 68 3d c4 be 48 fe 20 02 9c ff 37 02 df fe 9a f1 5a 0c 87 fd 0a 31 68 3d a5 be 3b fe 2f 02 97 ff 42 02 d3 fe 9a f1 5a 0c 87 fd 0a 32 68 3d 9b be 4d fe 29 02 8f ff 3d 02 e3 fe 9a f1 5a 0c 87 fd 0a 33 68 3d a6 be 5c fe 1b 02 8a ff 33 02 d9 fe 9a f1 5a 0c 87 fd 00 00 00 00 a8 ff 02 20 00 00 00 00 f9 ff ff ff 01 00 00 00 e7 ff 02 20 00 00 00 00 01 00 00 00;
1601287321194;0.00061;0.294078;7.561;5.221;3.320;0.026337;0.006714;0.004272;0.000305;0.000305;0.00061;0.006409;1.169;0.018616;0.00061;0.000305;0.000916;0.001221;0.010376;0.001221;0.002441;0.007019;0.001984;6.1e-05;0.000732;0.000305;6.1e-05;6.1e-05;0.000275;0.092468;0.602722;0.332642;1601287320;14;11000001 | 00010010 | 00000011 | 00000000 | ;3;1601287321;32794;0;2;0; 0a 30 68 3d ac be 5e fe 34 02 97 ff 43 02 df fe b9 f1 43 0c a9 fd 0a 31 68 3d a5 be 50 fe 4c 02 96 ff 44 02 da fe b9 f1 43 0c a9 fd 0a 32 68 3d bb be 44 fe 37 02 a5 ff 3e 02 ea fe ba f1 59 0c c1 fd 0a 33 68 3d bb be 44 fe 37 02 a0 ff 2f 02 e7 fe ba f1 59 0c c1 fd 00 00 01 00 68 74 00 20 a0 ff 02 20 01 00 00 00 02 00 00 00 00 00 00 00 00 00 00 00 00 00 00 00;
1601287322188;0.00061;0.294078;7.558;5.078;3.322;0.039642;0.006714;0.004272;0.000305;0;0.000916;0.006409;1.169;0.018921;0.00061;0.000305;0.001221;0.001221;0.010376;0.001221;0.003052;0.007019;0.001984;6.1e-05;0.000763;0.000305;6.1e-05;6.1e-05;0.000275;0.092773;0.602722;0.328674;1601287321;14;11000001 | 00010010 | 00000011 | 00000000 | ;3;1601287322;32794;0;2;0; 0a 30 68 3d a6 be 3f fe 2e 02 9c ff 3d 02 e0 fe 90 f1 37 0c 33 fd 0a 31 68 3d a8 be 50 fe 1b 02 99 ff 41 02 ea fe 90 f1 37 0c 33 fd 0a 32 68 3d a2 be 49 fe 40 02 a1 ff 45 02 dd fe 90 f1 37 0c 33 fd 0a 33 68 3d ab be 53 fe 3f 02 9e ff 31 02 e7 fe 90 f1 37 0c 33 fd 98 ff 01 00 01 00 00 00 02 00 00 00 00 00 00 00 00 00 00 00 00 00 00 00 90 ff 02 20 01 00 00 00;
1601287323194;0.00061;0.293154;7.558;5.222;3.322;0.047668;0.007324;0.004272;0.000305;0.000305;0.00061;0.006409;1.171;0.018921;0.00061;0.000305;0.000916;0.001221;0.010986;0.001221;0.002441;0.007019;0.001984;6.1e-05;0.000732;0.000336;6.1e-05;6.1e-05;0.000275;0.092468;0.602722;0.326843;1601287322;14;11000001 | 00010010 | 00000011 | 00000000 | ;3;1601287323;32794;0;2;0; 0a 30 68 3d a4 be 44 fe 3c 02 91 ff 31 02 de fe b8 f1 43 0c 40 fd 0a 31 68 3d ad be 40 fe 2c 02 87 ff 42 02 e6 fe b8 f1 43 0c 40 fd 0a 32 68 3d ad be 31 fe 3a 02 99 ff 43 02 e0 fe b8 f1 43 0c 40 fd 0a 33 68 3d a9 be 31 fe 3a 02 99 ff 36 02 e1 fe b8 f1 43 0c 40 fd 02 00 00 00 00 00 00 00 00 00 00 00 00 00 00 00 88 ff 02 20 01 00 00 00 10 01 00 00 00 00 00 00;
1601287324199;0.00061;0.293154;7.558;5.148;3.322;0.042572;0.007019;0.003967;0.000305;0.000305;0.00061;0.006714;1.169;0.018921;0.00061;0.000305;0.000916;0.001221;0.010376;0.001221;0.002441;0.007324;0.001984;6.1e-05;0.000702;0.000305;6.1e-05;6.1e-05;0.000275;0.092773;0.602722;0.324707;1601287323;14;11000001 | 00010010 | 00000011 | 00000000 | ;3;1601287324;32794;0;2;0; 0a 30 68 3d a8 be 61 fe 25 02 9d ff 4e 02 d8 fe c9 f1 35 0c 64 fd 0a 31 68 3d b4 be 53 fe 27 02 9a ff 39 02 e0 fe c9 f1 35 0c 64 fd 0a 32 68 3d b4 be 53 fe 27 02 9a ff 40 02 db fe c9 f1 35 0c 64 fd 0a 33 68 3d ac be 5d fe 31 02 94 ff 40 02 db fe c9 f1 35 0c 64 fd 02 00 01 00 68 74 00 20 a0 ff 01 00 01 00 00 00 02 00 00 00 00 00 00 00 00 00 00 00 00 00 00 00;
1601287325193;0.00061;0.295928;7.558;5.216;3.320;0.027374;0.006409;0.004272;0.000305;0.000305;0.00061;0.006409;1.169;0.019531;0.00061;0.000305;0.000916;0.001221;0.010986;0.001221;0.003052;0.007019;0.001984;6.1e-05;0.000732;0.000336;6.1e-05;6.1e-05;0.000275;0.092468;0.602722;0.330505;1601287324;14;11000001 | 00010010 | 00000011 | 00000000 | ;3;1601287325;32794;0;2;0; 0a 30 68 3d 9e be 28 fe 12 02 9b ff 39 02 e9 fe af f1 70 0c 90 fd 0a 31 68 3d a5 be 34 fe 1a 02 96 ff 33 02 e8 fe af f1 70 0c 90 fd 0a 32 68 3d a5 be 34 fe 1f 02 8b ff 34 02 e4 fe af f1 70 0c 90 fd 0a 33 68 3d b1 be 44 fe 1f 02 8b ff 34 02 e1 fe af f1 70 0c 90 fd 00 00 00 00 a0 ff 02 20 00 00 00 00 f9 ff ff ff 90 6b 00 20 e7 ff 02 20 00 00 00 00 90 6b 00 20;
1601287326189;0.00061;0.294078;7.558;5.075;3.322;0.042206;0.007019;0.004272;0.000305;0.000305;0.00061;0.006409;1.169;0.019226;0.00061;0.000305;0.000916;0.001221;0.010376;0.001221;0.003052;0.007019;0.002136;6.1e-05;0.000732;0.000305;6.1e-05;3.1e-05;0.000244;0.092468;0.602417;0.331421;1601287325;14;11000001 | 00010010 | 00000011 | 00000000 | ;3;1601287326;36890;0;2;0; 0a 30 68 3d a3 be 45 fe 23 02 8e ff 39 02 d5 fe c0 f1 7e 0c 45 fd 0a 31 68 3d af be 4d fe 31 02 8d ff 53 02 da fe de f1 74 0c 07 fd 0a 32 68 3d 9f be 48 fe 15 02 8d ff 4e 02 d3 fe de f1 74 0c 07 fd 0a 33 68 3d 9f be 48 fe 2a 02 98 ff 58 02 ce fe de f1 74 0c 07 fd 08 00 00 00 00 00 00 00 a0 ff 02 20 00 00 00 00 00 00 00 00 b0 ff 02 20 00 00 00 00 f9 ff ff ff;
1601287327194;0.00061;0.295003;7.558;5.216;3.320;0.029419;0.006714;0.004272;0.000305;0.000305;0.00061;0.006104;1.171;0.018921;0.00061;0.000305;0.000916;0.001221;0.010986;0.001221;0.002441;0.007019;0.001984;6.1e-05;0.000793;0.000336;6.1e-05;6.1e-05;0.000275;0.092773;0.602722;0.328369;1601287326;14;11000001 | 00010010 | 00000011 | 00000000 | ;3;1601287327;32794;0;2;0; 0a 30 68 3d b1 be 48 fe 1c 02 a1 ff 33 02 e4 fe f2 f1 6f 0c 6b fd 0a 31 68 3d ae be 45 fe 25 02 8d ff 27 02 ec fe f2 f1 6f 0c 6b fd 0a 32 68 3d ae be 45 fe 25 02 95 ff 3c 02 e5 fe bc f1 51 0c 12 fd 0a 33 68 3d a8 be 44 fe 06 02 95 ff 3c 02 e5 fe bc f1 51 0c 12 fd 98 ff 01 00 01 00 00 00 02 00 00 00 00 00 00 00 00 00 00 00 00 00 00 00 90 ff 02 20 01 00 00 00;
1601287328188;0.00061;0.295003;7.558;5.075;3.322;0.047516;0.007019;0.004272;0;0.000305;0.00061;0.006409;1.169;0.018921;0.00061;0.000305;0.000916;0.001221;0.009766;0.001221;0.002441;0.007324;0.001984;6.1e-05;0.000732;0.000336;6.1e-05;3.1e-05;0.000275;0.092468;0.602417;0.328674;1601287327;14;11000001 | 00010010 | 00000011 | 00000000 | ;3;1601287328;36890;0;2;0; 0a 30 68 3d a6 be 4b fe 38 02 87 ff 47 02 dc fe b2 f1 7d 0c a9 fd 0a 31 68 3d a1 be 52 fe 0a 02 86 ff 4c 02 e2 fe b2 f1 7d 0c a9 fd 0a 32 68 3d 9e be 4e fe 19 02 8c ff 4e 02 e0 fe b2 f1 7d 0c a9 fd 0a 33 68 3d 9e be 4e fe 19 02 93 ff 40 02 ec fe b2 f1 7d 0c a9 fd 00 00 00 00 a0 ff 02 20 00 00 00 00 f9 ff ff ff 3c 6c 00 20 e7 ff 02 20 00 00 00 00 01 00 00 00;
1601287329194;0.00061;0.295003;7.558;5.201;3.322;0.043182;0.007324;0.004272;0.000305;0.000305;0.00061;0.006104;1.171;0.018921;0.00061;0.000305;0.000916;0.001221;0.010986;0.001221;0.002441;0.007019;0.001984;9.2e-05;0.000702;0.000336;6.1e-05;6.1e-05;0.000275;0.092468;0.602722;0.331116;1601287328;14;11000001 | 00010010 | 00000011 | 00000000 | ;3;1601287329;32794;0;2;0; 0a 30 68 3d 96 be 4f fe 20 02 9e ff 36 02 df fe bc f1 2f 0c 3a fd 0a 31 68 3d 94 be 4d fe 26 02 92 ff 37 02 d6 fe bc f1 2f 0c 3a fd 0a 32 68 3d 94 be 4d fe 26 02 95 ff 39 02 dc fe bc f1 2f 0c 3a fd 0a 33 68 3d b1 be 4e fe 35 02 95 ff 39 02 dc fe bc f1 2f 0c 3a fd 02 00 00 00 00 00 00 00 00 00 00 00 00 00 00 00 88 ff 02 20 01 00 00 00 10 01 00 00 00 00 00 00;
1601287330199;0.00061;0.294078;7.558;5.128;3.319;0.026123;0.006714;0.003967;0.000305;0.000305;0.00061;0.006104;1.169;0.019226;0.00061;0.000305;0.000916;0.001221;0.010376;0.001221;0.002441;0.007019;0.001984;6.1e-05;0.000732;0.000336;6.1e-05;6.1e-05;0.000275;0.092468;0.602722;0.331726;1601287329;14;11000001 | 00010010 | 00000011 | 00000000 | ;3;1601287330;36890;0;2;0; 0a 30 68 3d b9 be 3f fe 21 02 8b ff 37 02 e8 fe ee f1 3e 0c c5 fd 0a 31 68 3d c1 be 3f fe 21 02 8b ff 43 02 d6 fe ee f1 3e 0c c5 fd 0a 32 68 3d b0 be 51 fe 1e 02 98 ff 43 02 d6 fe ee f1 3e 0c c5 fd 0a 33 68 3d b1 be 50 fe 37 02 95 ff 34 02 df fe ee f1 3e 0c c5 fd 02 00 00 00 00 00 00 00 00 00 00 00 00 00 00 00 88 ff 02 20 01 00 00 00 10 01 00 00 00 00 00 00;
1601287331191;0.00061;0.295003;7.558;5.083;3.322;0.043304;0.007629;0.004272;0.000305;0.000305;0.00061;0.006409;1.169;0.018921;0.00061;0.000305;0.000916;0.001221;0.010986;0.001221;0.003052;0.007324;0.002136;6.1e-05;0.000732;0.000305;6.1e-05;6.1e-05;0.000275;0.092468;0.602722;0.331421;1601287330;14;11000001 | 00010010 | 00000011 | 00000000 | ;3;1601287331;36890;0;2;0; 0a 30 68 3d ab be 3e fe 39 02 94 ff 45 02 d6 fe c5 f1 62 0c 61 fd 0a 31 68 3d a1 be 54 fe 2f 02 95 ff 35 02 e0 fe c5 f1 62 0c 61 fd 0a 32 68 3d b0 be 3e fe 2d 02 97 ff 4b 02 dc fe c5 f1 62 0c 61 fd 0a 33 68 3d b0 be 3e fe 2d 02 9c ff 3f 02 e8 fe c5 f1 62 0c 61 fd 98 ff 01 00 00 00 00 40 a0 ff 01 00 00 00 00 40 3c 6c 00 20 88 ff 02 20 b0 ff 02 20 f9 ff ff ff;
1601287332192;0.00061;0.292229;7.558;5.141;3.322;0.036621;0.006714;0.004272;0.000305;0.000305;0.00061;0.006409;1.171;0.019226;0.00061;0.000305;0.000916;0.001221;0.010376;0.00061;0.002441;0.007019;0.001984;6.1e-05;0.000732;0.000305;6.1e-05;6.1e-05;0.000275;0.092773;0.602722;0.325012;1601287331;14;11000001 | 00010010 | 00000011 | 00000000 | ;3;1601287332;32794;0;2;0; 0a 30 68 3d ae be 4d fe 1c 02 96 ff 3d 02 d4 fe b2 f1 38 0c a2 fd 0a 31 68 3d a6 be 4b fe 10 02 84 ff 39 02 cc fe b2 f1 38 0c a2 fd 0a 32 68 3d a6 be 4b fe 10 02 91 ff 3a 02 d4 fe b2 f1 38 0c a2 fd 0a 33 68 3d ab be 55 fe 27 02 91 ff 3a 02 d4 fe b2 f1 38 0c a2 fd 08 00 00 00 00 00 00 00 a0 ff 01 00 00 00 00 00 00 00 00 00 b0 ff 02 20 00 00 00 00 f9 ff ff ff;
1601287333187;0.00061;0.293154;7.558;5.206;3.322;0.044403;0.007324;0.003967;0.000305;0.000305;0.000916;0.006409;1.169;0.018921;0.00061;0.000305;0.000916;0.001221;0.010986;0.001221;0.002441;0.007019;0.001984;6.1e-05;0.000732;0.000305;6.1e-05;6.1e-05;0.000275;0.092773;0.602722;0.324707;1601287332;14;11000001 | 00010010 | 00000011 | 00000000 | ;3;1601287333;36890;0;2;0; 0a 30 68 3d a4 be 4e fe 39 02 8b ff 3c 02 d8 fe a5 f1 53 0c d5 fd 0a 31 68 3d b8 be 55 fe 1b 02 89 ff 3e 02 d9 fe a5 f1 53 0c d5 fd 0a 32 68 3d a8 be 53 fe 3a 02 97 ff 4e 02 d2 fe a5 f1 53 0c d5 fd 0a 33 68 3d a8 be 53 fe 3a 02 90 ff 53 02 ec fe a5 f1 53 0c d5 fd 02 00 00 00 00 00 00 00 00 00 00 00 00 00 00 00 88 ff 02 20 01 00 00 00 10 01 00 00 00 00 00 00;
1601287334192;0.00061;0.294078;7.558;5.131;3.320;0.027496;0.006409;0.003967;0.000305;0;0.00061;0.006104;1.171;0.018921;0.00061;0.000305;0.000916;0.001221;0.010376;0.001221;0.002441;0.007019;0.001984;6.1e-05;0.000763;0.000336;6.1e-05;6.1e-05;0.000275;0.092468;0.602722;0.330505;1601287333;14;11000001 | 00010010 | 00000011 | 00000000 | ;3;1601287334;36890;0;2;0; 0a 30 68 3d b5 be 39 fe 21 02 97 ff 3a 02 db fe b8 f1 50 0c d0 fd 0a 31 68 3d a4 be 26 fe 19 02 8b ff 3c 02 cc fe b8 f1 50 0c d0 fd 0a 32 68 3d a4 be 26 fe 19 02 8b ff 41 02 d7 fe b8 f1 50 0c d0 fd 0a 33 68 3d b0 be 37 fe 2b 02 92 ff 41 02 d7 fe b8 f1 50 0c d0 fd 98 ff 01 00 00 00 00 40 a0 ff 01 00 00 00 00 40 3c 6c 00 20 88 ff 02 20 b0 ff 02 20 f9 ff ff ff;
1601287335187;0.00061;0.294078;7.558;5.196;3.320;0.034546;0.007019;0.004272;0.000305;0.000305;0.000916;0.006409;1.169;0.018921;0.00061;0.000305;0.000916;0.001221;0.010376;0.001221;0.003052;0.007019;0.001984;6.1e-05;0.000732;0.000336;6.1e-05;6.1e-05;0.000275;0.092468;0.602722;0.324097;1601287334;14;11000001 | 00010010 | 00000011 | 00000000 | ;3;1601287335;36890;0;2;0; 0a 30 68 3d ad be 5a fe 1b 02 8f ff 46 02 d6 fe ba f1 4d 0c 3f fd 0a 31 68 3d af be 57 fe 0e 02 93 ff 37 02 d6 fe ba f1 4d 0c 3f fd 0a 32 68 3d af be 65 fe 18 02 8d ff 2e 02 e0 fe ba f1 4d 0c 3f fd 0a 33 68 3d a3 be 65 fe 18 02 8d ff 41 02 d8 fe ba f1 4d 0c 3f fd 02 00 01 00 68 74 00 20 a0 ff 02 20 01 00 00 00 02 00 00 00 00 00 00 00 00 00 00 00 00 00 00 00;
1601287336195;0.00061;0.294078;7.558;5.125;3.322;0.039917;0.007324;0.004272;0.000305;0.000305;0.00061;0.006409;1.171;0.019226;0.00061;0.000305;0.000916;0.001221;0.010376;0.001221;0.002441;0.007019;0.001984;6.1e-05;0.000763;0.000305;6.1e-05;6.1e-05;0.000244;0.092468;0.602722;0.328979;1601287335;14;11000001 | 00010010 | 00000011 | 00000000 | ;3;1601287336;36890;0;2;0; 0a 30 68 3d ad be 35 fe 27 02 a4 ff 43 02 de fe b0 f1 3a 0c f2 fd 0a 31 68 3d ad be 35 fe 27 02 9f ff 39 02 df fe b0 f1 3a 0c f2 fd 0a 32 68 3d a5 be 3c fe 27 02 9f ff 39 02 cf fe b0 f1 3a 0c f2 fd 0a 33 68 3d ae be 40 fe 2f 02 8f ff 3b 02 cf fe b0 f1 3a 0c f2 fd 98 ff 01 00 78 ff 02 20 a0 ff 02 20 f9 ff ff ff 90 6b 00 20 e7 ff 02 20 00 00 00 00 00 00 00 00;
1601287337200;0.001221;0.34864;7.554;5.104;3.319;0.026245;0.006409;0.004578;0.000305;0;0.00061;0.006714;1.169;0.018921;0.00061;0.000305;0.000916;0.001221;0.010986;0.001221;0.002441;0.007019;0.001984;6.1e-05;0.000702;0.000305;6.1e-05;6.1e-05;0.000275;0.092773;0.602417;0.326538;1601287336;14;11000001 | 00010010 | 00000011 | 00000000 | ;3;1601287337;36890;0;2;0; 0a 30 68 3d 95 be 45 fe 25 02 a3 ff 3a 02 de fe d0 f1 4a 0c 92 fd 0a 31 68 3d 9c be 44 fe 25 02 a3 ff 3a 02 dd fe d0 f1 4a 0c 92 fd 0a 32 68 3d b4 be 47 fe 1c 02 97 ff 35 02 dd fe d0 f1 4a 0c 92 fd 0a 33 68 3d ae be 50 fe 28 02 97 ff 36 02 d3 fe d0 f1 4a 0c 92 fd 00 00 00 00 00 00 00 00 80 ff 02 20 01 00 00 00 10 01 00 00 00 00 00 00 00 00 08 e2 00 00 00 00;
1601287338194;0.00061;0.295003;7.558;5.117;3.320;0.0289;0.006409;0.004272;0.000305;0.000305;0.00061;0.006409;1.171;0.019226;0.00061;0.000305;0.000916;0.001221;0.010376;0.001221;0.002441;0.007324;0.001984;6.1e-05;0.000732;0.000336;6.1e-05;6.1e-05;0.000275;0.092468;0.602722;0.329895;1601287337;14;11000001 | 00010010 | 00000011 | 00000000 | ;3;1601287338;36890;0;2;0; 0a 30 68 3d a3 be 51 fe 2f 02 90 ff 3c 02 d5 fe be f1 48 0c 87 fd 0a 31 68 3d a3 be 51 fe 2f 02 94 ff 30 02 e0 fe be f1 48 0c 87 fd 0a 32 68 3d 99 be 48 fe 32 02 94 ff 30 02 e0 fe be f1 48 0c 87 fd 0a 33 68 3d b0 be 56 fe 1c 02 a8 ff 43 02 f1 fe be f1 48 0c 87 fd 00 00 00 00 00 00 00 00 80 ff 02 20 01 00 00 00 10 01 00 00 00 00 00 00 00 00 08 e2 00 00 00 00;
1601287339199;0.00061;0.319972;7.548;5.214;3.320;0.028717;0.007019;0.004272;0.000305;0;0.00061;0.006409;1.169;0.018921;0.00061;0.00061;0.000916;0.001221;0.010986;0.001221;0.002441;0.007324;0.001984;6.1e-05;0.000763;0.000336;6.1e-05;6.1e-05;0.000275;0.092468;0.602417;0.329895;1601287338;14;11000001 | 00010010 | 00000011 | 00000000 | ;3;1601287339;36890;0;2;0; 0a 30 68 3d a6 be 64 fe 21 02 92 ff 37 02 d4 fe c7 f1 41 0c b0 fd 0a 31 68 3d a1 be 41 fe 1a 02 92 ff 37 02 d4 fe c7 f1 41 0c b0 fd 0a 32 68 3d a8 be 39 fe 27 02 89 ff 24 02 d6 fe c7 f1 41 0c b0 fd 0a 33 68 3d a5 be 4e fe 0a 02 8a ff 45 02 d7 fe c7 f1 41 0c b0 fd 02 00 00 00 00 00 00 00 00 00 00 00 00 00 00 00 88 ff 02 20 01 00 00 00 10 01 00 00 00 00 00 00;
1601287340193;0.00061;0.294078;7.558;5.106;3.322;0.031708;0.006714;0.004272;0.000305;0.000305;0.00061;0.006409;1.171;0.018921;0.00061;0.000305;0.000916;0.001221;0.010376;0.001221;0.002441;0.007019;0.001984;6.1e-05;0.000732;0.000305;6.1e-05;6.1e-05;0.000275;0.092468;0.602722;0.327759;1601287339;14;11000001 | 00010010 | 00000011 | 00000000 | ;3;1601287340;36890;0;2;0; 0a 30 68 3d a0 be 4c fe 29 02 89 ff 2f 02 e5 fe e4 f1 38 0c a7 fd 0a 31 68 3d a0 be 4c fe 29 02 99 ff 45 02 d9 fe e4 f1 38 0c a7 fd 0a 32 68 3d 9b be 55 fe 27 02 99 ff 45 02 d9 fe e4 f1 38 0c a7 fd 0a 33 68 3d 9f be 47 fe 17 02 94 ff 44 02 d7 fe ba f1 3a 0c b3 fd 02 00 01 00 78 ff 02 20 a0 ff 02 20 f9 ff ff ff 3c 6c 00 20 e7 ff 02 20 00 00 00 00 3c 6c 00 20;
1601287341192;0.00061;0.293154;7.558;5.227;3.320;0.034882;0.007324;0.004272;0.000305;0.000305;0.00061;0.006409;1.171;0.018921;0.00061;0.000305;0.000916;0.001221;0.010376;0.001221;0.003052;0.007019;0.001984;6.1e-05;0.000763;0.000336;6.1e-05;6.1e-05;0.000275;0.092468;0.602722;0.323792;1601287340;14;11000001 | 00010010 | 00000011 | 00000000 | ;3;1601287341;36890;0;2;0; 0a 30 68 3d 9c be 45 fe 2f 02 86 ff 58 02 db fe bd f1 4f 0c e2 fd 0a 31 68 3d c2 be 36 fe 21 02 87 ff 41 02 d7 fe bd f1 4f 0c e2 fd 0a 32 68 3d b4 be 3f fe 33 02 8f ff 47 02 d9 fe bd f1 4f 0c e2 fd 0a 33 68 3d b4 be 3f fe 33 02 8f ff 50 02 dd fe bd f1 4f 0c e2 fd 98 ff 01 00 78 ff 02 20 a0 ff 02 20 f9 ff ff ff 3c 6c 00 20 e7 ff 02 20 00 00 00 00 e7 ff 02 20;
1601287342187;0.00061;0.293154;7.558;5.078;3.322;0.046082;0.007324;0.004272;0.000305;0.000305;0.00061;0.006409;1.169;0.018921;0.00061;0.000305;0.000916;0.001221;0.010376;0.001221;0.003052;0.007324;0.002136;6.1e-05;0.000732;0.000336;6.1e-05;6.1e-05;0.000275;0.092773;0.602722;0.3302;1601287341;14;11000001 | 00010010 | 00000011 | 00000000 | ;3;1601287342;36890;0;2;0; 0a 30 68 3d a8 be 56 fe 24 02 a0 ff 3f 02 d7 fe dd f1 4e 0c 77 fd 0a 31 68 3d a8 be 56 fe 1b 02 8c ff 3d 02 ca fe dd f1 4e 0c 77 fd 0a 32 68 3d 9c be 69 fe 10 02 8d ff 47 02 dc fe dd f1 4e 0c 77 fd 0a 33 68 3d b2 be 56 fe 30 02 8f ff 47 02 d6 fe dd f1 4e 0c 77 fd 98 ff 01 00 01 00 00 00 02 00 00 00 00 00 00 00 00 00 00 00 00 00 00 00 90 ff 02 20 01 00 00 00;
1601287343193;0.00061;0.295928;7.558;5.214;3.322;0.047791;0.007324;0.004272;0.000305;0.000305;0.00061;0.006409;1.171;0.019226;0.00061;0.000305;0.000916;0.001221;0.010986;0.001221;0.003052;0.007019;0.001984;6.1e-05;0.000763;0.000336;6.1e-05;3.1e-05;0.000244;0.092468;0.602722;0.3302;1601287342;14;11000001 | 00010010 | 00000011 | 00000000 | ;3;1601287343;36890;0;2;0; 0a 30 68 3d 98 be 44 fe 2d 02 8f ff 38 02 d6 fe c3 f1 4a 0c 9a fd 0a 31 68 3d aa be 40 fe 34 02 99 ff 45 02 d7 fe c3 f1 4a 0c 9a fd 0a 32 68 3d aa be 51 fe 2f 02 a5 ff 4d 02 ce fe c3 f1 4a 0c 9a fd 0a 33 68 3d 9a be 51 fe 2f 02 a5 ff 49 02 d8 fe c3 f1 4a 0c 9a fd 02 00 00 00 00 00 00 00 00 00 00 00 00 00 00 00 88 ff 02 20 01 00 00 00 10 01 00 00 00 00 00 00;
1601287344187;0.00061;0.295003;7.558;5.070;3.319;0.026215;0.006714;0.004272;0.000305;0.000305;0.000916;0.006409;1.169;0.019226;0.00061;0.000305;0.000916;0.001221;0.009155;0.001221;0.002441;0.007324;0.001984;6.1e-05;0.000793;0.000305;6.1e-05;6.1e-05;0.000275;0.092468;0.601501;0.329285;1601287343;14;11000001 | 00010010 | 00000011 | 00000000 | ;3;1601287344;36890;0;2;0; 0a 30 68 3d a4 be 45 fe 29 02 9d ff 41 02 e5 fe c4 f1 25 0c e8 fd 0a 31 68 3d b7 be 4d fe 27 02 9d ff 40 02 e4 fe c4 f1 25 0c e8 fd 0a 32 68 3d 9d be 3e fe 1c 02 94 ff 36 02 eb fe c4 f1 25 0c e8 fd 0a 33 68 3d 9d be 52 fe 1b 02 91 ff 37 02 dd fe c4 f1 25 0c e8 fd 00 00 00 00 a0 ff 02 20 00 00 00 00 f9 ff ff ff 3c 6c 00 20 e7 ff 02 20 00 00 00 00 3c 6c 00 20;
